id,name,category,subcategory,source_url,outcome,approval,verification
macire-5feb147d94b109c9,2kW Felicity Lithium Deluxe Family Solar Kit (24V),solar,solar-1,https://macire.co.ke/product/2kw-felicity-lithium-solar-family-kit-24v-inverter-battery-panels/,Published enquiry-only,Owner explicitly approved 96 enquiry-only listings with neutral placeholders,Not technically verified; brand/model/specs/price/stock omitted
macire-ed22563493a8039d,5.5Kw Seven Stars Lithium Solar Kit,solar,solar-2,https://macire.co.ke/product/5-5kw-seven-stars-lithium-solar-kit-5500w-48v-affordable-reliable/,Published enquiry-only,Owner explicitly approved 96 enquiry-only listings with neutral placeholders,Not technically verified; brand/model/specs/price/stock omitted
macire-fa5c03466bc72fba,11kW ALPS Power with 10kWh Storage Solar Kit,solar,solar-2,https://macire.co.ke/product/11kw-alps-power-with-10kwh-storage-solar-kit/,Published enquiry-only,Owner explicitly approved 96 enquiry-only listings with neutral placeholders,Not technically verified; brand/model/specs/price/stock omitted
macire-0e86ac139f88528f,6.2kW 48V SVC Lithium Smart Home Solar Kit,solar,solar-3,https://macire.co.ke/product/6-2kw-48v-svc-lithium-smart-home-solar-kit-5-12kwh-battery-6-x-590w-panels/,Published enquiry-only,Owner explicitly approved 96 enquiry-only listings with neutral placeholders,Not technically verified; brand/model/specs/price/stock omitted
macire-aeea5c22f3ebffb9,1.5kVA MUST VPM High-Frequency Inverter,solar,solar-5,https://macire.co.ke/product/1-5kva-must-vpm-high-frequency-inverter-12v-60a-160vdc/,Published enquiry-only,Owner explicitly approved 96 enquiry-only listings with neutral placeholders,Not technically verified; brand/model/specs/price/stock omitted
macire-9ba8db28754fc1c1,Must 2.5Kw 2500Watts 24V PV1800 VPM Hybrid Offgrid Inverter,solar,solar-5,https://macire.co.ke/product/must-2-5kw-2500watts-24v-pv1800-vpm-hybrid-offgrid-inverter/,Published enquiry-only,Owner explicitly approved 96 enquiry-only listings with neutral placeholders,Not technically verified; brand/model/specs/price/stock omitted
macire-aa0e0d783bb89ee6,4kw 24v SVC Off-grid Solar Inverter,solar,solar-5,https://macire.co.ke/product/4kw-24v-svc-off-grid-solar-inverter-4000w-100a-mppt-intuitive-lcd-display/,Published enquiry-only,Owner explicitly approved 96 enquiry-only listings with neutral placeholders,Not technically verified; brand/model/specs/price/stock omitted
macire-467da55be5974657,200Ah Platinum LiFePO₄ Lithium Battery 12.8V,solar,solar-6,https://macire.co.ke/product/200ah-platinum-lifepo%e2%82%84-lithium-battery-12-8v-high-capacity-deep-cycle-solar-battery/,Published enquiry-only,Owner explicitly approved 96 enquiry-only listings with neutral placeholders,Not technically verified; brand/model/specs/price/stock omitted
macire-6acb386c924abe8e,2.56kWh Felicity FLA12200PG2 12V 200Ah Grade A Battery,solar,solar-6,https://macire.co.ke/product/2-56kwh-felicity-fla12200pg2-12v-200ah-grade-a-battery/,Published enquiry-only,Owner explicitly approved 96 enquiry-only listings with neutral placeholders,Not technically verified; brand/model/specs/price/stock omitted
macire-2fdc94310df43916,200Ah Yachu 12.8V Lithium Battery,solar,solar-6,https://macire.co.ke/product/200ah-yachu-12-8v-lithium-battery-lifepo%e2%82%84-built-in-bms-deep-cycle/,Published enquiry-only,Owner explicitly approved 96 enquiry-only listings with neutral placeholders,Not technically verified; brand/model/specs/price/stock omitted
macire-d8b4138bdced3923,Lithium Battery 12v 150ah Lifepo4 Battery Pack,solar,solar-6,https://macire.co.ke/product/lithium-battery-12v-150ah-lifepo4-battery-pack/,Published enquiry-only,Owner explicitly approved 96 enquiry-only listings with neutral placeholders,Not technically verified; brand/model/specs/price/stock omitted
macire-8c8f4fe27c352c2f,50m 1500L/h 24v Premier Solar DC Water Pump Deep Well JZDC3S24-250 with 250watts Panel,solar,solar-7,https://macire.co.ke/product/60m-1500l-h-24v-premier-solar-dc-water-pump-deep-well-jzdc3s24-250-with-250watts-panel/,Published enquiry-only,Owner explicitly approved 96 enquiry-only listings with neutral placeholders,Not technically verified; brand/model/specs/price/stock omitted
macire-b7b89b8d827fc1d0,60M Premier DC Solar Submersible Pump,solar,solar-7,https://macire.co.ke/product/60m-premier-dc-solar-submersible-pump-250w-24v/,Published enquiry-only,Owner explicitly approved 96 enquiry-only listings with neutral placeholders,Not technically verified; brand/model/specs/price/stock omitted
macire-b239d146f89e4414,1.25″ Shiyuan 2.2kW Hybrid AC/DC Submersible Deep Well Pump,solar,solar-7,https://macire.co.ke/product/160m-2-2kw-solar-borehole-pump-6-5m3-h-shiyuan-280v-1-25-submersible-deep-well-pump/,Published enquiry-only,Owner explicitly approved 96 enquiry-only listings with neutral placeholders,Not technically verified; brand/model/specs/price/stock omitted
macire-6980550400e3a1fd,56m 6000L/Hr 4″ Solar Water Pump Kit with Panels 4DPC6-56-48-750 DC 48V 750W Submersible Borehole Deep Well pump with Mppt Controller Trunsun,solar,solar-7,https://macire.co.ke/product/56m-6000l-hr-4-solar-water-pump-kit-with-panels-4dpc6-56-48-750-dc-48v-750w-submersible-borehole-deep-well-pump-with-mppt-controller-trunsun/,Published enquiry-only,Owner explicitly approved 96 enquiry-only listings with neutral placeholders,Not technically verified; brand/model/specs/price/stock omitted
macire-08da9355b0ebddca,3Kw 7m³ 220m Doyin DC AC/DC Hybrid Borehole Submersible Water Pump,solar,solar-7,https://macire.co.ke/product/3kw-7m%c2%b3-220m-doyin-dc-ac-dc-hybrid-borehole-submersible-water-pump-4sds7-3000w-4hp-7000l-h/,Published enquiry-only,Owner explicitly approved 96 enquiry-only listings with neutral placeholders,Not technically verified; brand/model/specs/price/stock omitted
macire-1065cd36afab46d9,200L Aquasun Non-Pressurised Solar Water Heater,solar,solar-8,https://macire.co.ke/product/200l-aquasun-non-pressurised-solar-water-heater/,Published enquiry-only,Owner explicitly approved 96 enquiry-only listings with neutral placeholders,Not technically verified; brand/model/specs/price/stock omitted
macire-698a26450c916d1c,Suntree Pv cable 10.0mm2,solar,solar-9,https://macire.co.ke/product/suntree-pv-cable-10-0mm2/,Published enquiry-only,Owner explicitly approved 96 enquiry-only listings with neutral placeholders,Not technically verified; brand/model/specs/price/stock omitted
macire-e6db74216d57fc61,Suntree Mc4 Connector,solar,solar-9,https://macire.co.ke/product/suntree-mc4-connector/,Published enquiry-only,Owner explicitly approved 96 enquiry-only listings with neutral placeholders,Not technically verified; brand/model/specs/price/stock omitted
macire-907e6f513883a74d,6mm Pv Solar Cable,solar,solar-9,https://macire.co.ke/product/6mm-pv-solar-cable-pure-copper/,Published enquiry-only,Owner explicitly approved 96 enquiry-only listings with neutral placeholders,Not technically verified; brand/model/specs/price/stock omitted
macire-037c3c86554b7e52,6mm Suntree Pv Solar Cable,solar,solar-9,https://macire.co.ke/product/6mm-suntree-pv-solar-cable/,Published enquiry-only,Owner explicitly approved 96 enquiry-only listings with neutral placeholders,Not technically verified; brand/model/specs/price/stock omitted
macire-2cfcb7d30fba8237,Solar MC4 Connector T-Branch 3 to 1 Splitter MMMF + FFFM Pair,solar,solar-9,https://macire.co.ke/product/solar-mc4-connector-t-branch-3-to-1-splitter-mmmf-fffm-pair/,Published enquiry-only,Owner explicitly approved 96 enquiry-only listings with neutral placeholders,Not technically verified; brand/model/specs/price/stock omitted
macire-99fc8e689924f3b0,2.2Kw Single Phase Hober Solar Pumping Hybrid Inverter,solar,solar-10,https://macire.co.ke/product/2-2kw-1ph-hober-solar-pumping-hybrid-inverter-advanced-mppt-technology/,Published enquiry-only,Owner explicitly approved 96 enquiry-only listings with neutral placeholders,Not technically verified; brand/model/specs/price/stock omitted
macire-351ed119541ef20e,Premium Mesh Nylon Beekeeping Suit,agriculture,agriculture-3,https://macire.co.ke/product/premium-mesh-nylon-beekeeping-suit-camire-uk/,Published enquiry-only,Owner explicitly approved 96 enquiry-only listings with neutral placeholders,Not technically verified; brand/model/specs/price/stock omitted
macire-d21e05ae2b6637b9,192 Eggs Premier Egg Incubator,agriculture,agriculture-4,https://macire.co.ke/product/192-eggs-premier-egg-incubator-automatic-rolling-high-hatch-rate-energy-efficient/,Published enquiry-only,Owner explicitly approved 96 enquiry-only listings with neutral placeholders,Not technically verified; brand/model/specs/price/stock omitted
macire-f9ffd8fc85332441,36 Eggs Incubator with Automatic Turning & Humidity Control & LED Canding Lamp Milano,agriculture,agriculture-4,https://macire.co.ke/product/36-eggs-incubator-with-automatic-turning-humidity-control-led-canding-lamp-milano/,Published enquiry-only,Owner explicitly approved 96 enquiry-only listings with neutral placeholders,Not technically verified; brand/model/specs/price/stock omitted
macire-b74e29b468f41c25,120 Egg Automatic Incubator (Can Use Electricity or Battery),agriculture,agriculture-4,https://macire.co.ke/product/120-egg-automatic-incubator-can-use-electricity-or-battery/,Published enquiry-only,Owner explicitly approved 96 enquiry-only listings with neutral placeholders,Not technically verified; brand/model/specs/price/stock omitted
macire-4e7d9a3ce2b81cef,450kg/h Premier PM33 Commercial Maize Mill,agriculture,agriculture-5,https://macire.co.ke/product/450kg-h-premier-pm33-commercial-maize-mill-dual-frame-free-screen-7-5hp-ready/,Published enquiry-only,Owner explicitly approved 96 enquiry-only listings with neutral placeholders,Not technically verified; brand/model/specs/price/stock omitted
macire-087453e6c9df55a8,2″ x 100m Premier Heavy Duty Delivery Hose Pipe,agriculture,agriculture-6,https://macire.co.ke/product/2-x-100m-premier-heavy-duty-delivery-hose-pipe-copy/,Published enquiry-only,Owner explicitly approved 96 enquiry-only listings with neutral placeholders,Not technically verified; brand/model/specs/price/stock omitted
macire-a03a7880b9ed14f0,2 Inches Lenhard Germany Delivery Blue Pipes 2 X 50metres,agriculture,agriculture-6,https://macire.co.ke/product/lenhard-germany-delivery-blue-pipes-2-x-50metres-2-inches-heavy-duty-reinforced-pvc-lay-flat/,Published enquiry-only,Owner explicitly approved 96 enquiry-only listings with neutral placeholders,Not technically verified; brand/model/specs/price/stock omitted
macire-8f242801d7b7c792,1.5″ 30m Canvas Delivery White Pipe Sunny Brand,agriculture,agriculture-6,https://macire.co.ke/product/1-5-30m-canvas-delivery-white-pipe-sunny-brand/,Published enquiry-only,Owner explicitly approved 96 enquiry-only listings with neutral placeholders,Not technically verified; brand/model/specs/price/stock omitted
macire-5a96a045f90798b1,2″ 50m Blue Delivery Pipe Kmax Italy,agriculture,agriculture-6,https://macire.co.ke/product/2-50m-blue-delivery-pipe-kmax-italy-heavy-duty-reinforced-pvc-lay-flat/,Published enquiry-only,Owner explicitly approved 96 enquiry-only listings with neutral placeholders,Not technically verified; brand/model/specs/price/stock omitted
macire-4a96c998ab874a41,24HP JD Jindong Diesel Engine Water Cooled,agriculture,agriculture-7,https://macire.co.ke/product/24hp-jd-jindong-diesel-engine-water-cooled-zs1115wp/,Published enquiry-only,Owner explicitly approved 96 enquiry-only listings with neutral placeholders,Not technically verified; brand/model/specs/price/stock omitted
macire-00b6fb736984b420,7.5hp JD Jiadi Diesel Engine JD175WP Water Cooled Manual Start,agriculture,agriculture-7,https://macire.co.ke/product/7-5hp-jd-jiadi-diesel-engine-jd175wp-water-cooled-manual-start/,Published enquiry-only,Owner explicitly approved 96 enquiry-only listings with neutral placeholders,Not technically verified; brand/model/specs/price/stock omitted
macire-7c69f871ee1d3dfe,Water cooled diesel engine ZH-1110,agriculture,agriculture-7,https://macire.co.ke/product/water-cooled-diesel-engine-zh-1110-22-hp/,Published enquiry-only,Owner explicitly approved 96 enquiry-only listings with neutral placeholders,Not technically verified; brand/model/specs/price/stock omitted
macire-19989dbfc50da6b9,Garden Pressure Sprayer Heavy Duty,agriculture,agriculture-8,https://macire.co.ke/product/garden-pressure-sprayer-heavy-duty/,Published enquiry-only,Owner explicitly approved 96 enquiry-only listings with neutral placeholders,Not technically verified; brand/model/specs/price/stock omitted
macire-3972a48d5671a9f2,20L Premier Economy Knapsack Sprayer,agriculture,agriculture-8,https://macire.co.ke/product/20l-premier-economy-knapsack-sprayer-manual-farm-sprayer/,Published enquiry-only,Owner explicitly approved 96 enquiry-only listings with neutral placeholders,Not technically verified; brand/model/specs/price/stock omitted
macire-2876c7d2e4fc4b14,Farmate 15L Original Knapsack Sprayer,agriculture,agriculture-8,https://macire.co.ke/product/farmate-15l-original-knapsack-sprayer/,Published enquiry-only,Owner explicitly approved 96 enquiry-only listings with neutral placeholders,Not technically verified; brand/model/specs/price/stock omitted
macire-fc664d47c471c3a8,2″ Big Rain Gun Irrigation Rain Gun Stainless Steel Tripod Type,agriculture,agriculture-9,https://macire.co.ke/product/2-big-rain-gun-irrigation-rain-gun-stainless-steel-tripod-type/,Published enquiry-only,Owner explicitly approved 96 enquiry-only listings with neutral placeholders,Not technically verified; brand/model/specs/price/stock omitted
macire-6315b5724ff3c4f6,2″ Aico Japan Diesel Water Pump Engine,agriculture,agriculture-9,https://macire.co.ke/product/2-aico-japan-diesel-water-pump-engine-normal-pressure/,Published enquiry-only,Owner explicitly approved 96 enquiry-only listings with neutral placeholders,Not technically verified; brand/model/specs/price/stock omitted
macire-1fd02009cbe7d050,2hp 28m 6m³/h Electric Submersible Water Pump Premier,agriculture,agriculture-9,https://macire.co.ke/product/2hp-28m-6m%c2%b3-h-electric-submersible-water-pump-premier-1-1kw-pr6-28-1-5/,Published enquiry-only,Owner explicitly approved 96 enquiry-only listings with neutral placeholders,Not technically verified; brand/model/specs/price/stock omitted
macire-1d21f9d15927634b,10mm West Twin With Earth Local Cable,electrical,electrical-1,https://macire.co.ke/product/10mm-west-twin-with-earth-local-cable-price-per-meter-energy-efficient-cost-effective/,Published enquiry-only,Owner explicitly approved 96 enquiry-only listings with neutral placeholders,Not technically verified; brand/model/specs/price/stock omitted
macire-0a8797fff7e8cb17,25m POWERMATE Extension Reel,electrical,electrical-5,https://macire.co.ke/product/25m-powermate-extension-reel-1-5mm%c2%b2-cable/,Published enquiry-only,Owner explicitly approved 96 enquiry-only listings with neutral placeholders,Not technically verified; brand/model/specs/price/stock omitted
macire-a190ba2a8c3984c8,93m Doyin AC Borehole Submersible Water Pump,water,water-1,https://macire.co.ke/product/93m-doyin-ac-borehole-submersible-water-pump-0-75kw-1hp-ordinary-impeller/,Published enquiry-only,Owner explicitly approved 96 enquiry-only listings with neutral placeholders,Not technically verified; brand/model/specs/price/stock omitted
macire-fbe091f333751629,0.7KVA Lorentz PS2-600 Controller,water,water-5,https://macire.co.ke/product/0-7kva-lorentz-ps2-600-controller/,Published enquiry-only,Owner explicitly approved 96 enquiry-only listings with neutral placeholders,Not technically verified; brand/model/specs/price/stock omitted
macire-36a86978b922dd61,60M Aico Japan 1HP Centrifugal Water Booster Pump AKP80,water,water-7,https://macire.co.ke/product/60m-aico-japan-1hp-centrifugal-water-booster-pump-akp80/,Published enquiry-only,Owner explicitly approved 96 enquiry-only listings with neutral placeholders,Not technically verified; brand/model/specs/price/stock omitted
macire-7cfcc4c16a67907a,0.32hp 0.25Kw Dayliff DDP 50A Automatic Mini Electric Booster Water Pump,water,water-7,https://macire.co.ke/product/dayliff-ddp-50a-automatic-mini-booster-pump/,Published enquiry-only,Owner explicitly approved 96 enquiry-only listings with neutral placeholders,Not technically verified; brand/model/specs/price/stock omitted
macire-5c5903a4cab7826b,0.5hp 0.37Kw 35m Dayliff DDP 60 Electric Booster Water Pump High Quality,water,water-7,https://macire.co.ke/product/dayliff-ddp-60-high-quality-booster-pump/,Published enquiry-only,Owner explicitly approved 96 enquiry-only listings with neutral placeholders,Not technically verified; brand/model/specs/price/stock omitted
macire-0c6d10cfdbc95b38,0.5hp 28m 1.8m³ Electric Booster Peripheral Water Pump Premier QB60,water,water-7,https://macire.co.ke/product/0-5hp-28m-1-8m%c2%b3-electric-booster-peripheral-water-pump-premier-qb60/,Published enquiry-only,Owner explicitly approved 96 enquiry-only listings with neutral placeholders,Not technically verified; brand/model/specs/price/stock omitted
macire-9388eea52d56284f,1.1kW Aico Japan Swimming Pool Pump,water,water-8,https://macire.co.ke/product/1-1kw-aico-japan-swimming-pool-pump-ac-spp-366l-min-flow-25m-head/,Published enquiry-only,Owner explicitly approved 96 enquiry-only listings with neutral placeholders,Not technically verified; brand/model/specs/price/stock omitted
macire-10ff23cbb69bf8d1,Dayliff Chlorine 65,water,water-9,https://macire.co.ke/product/dayliff-chlorine-65-40kgs/,Published enquiry-only,Owner explicitly approved 96 enquiry-only listings with neutral placeholders,Not technically verified; brand/model/specs/price/stock omitted
macire-714e12f1a6dfb6ef,ATLAS OASIS DP Sanic 100GPD Water Treatment,water,water-9,https://macire.co.ke/product/atlas-oasis-dp-sanic-100gpd-water-treatment/,Published enquiry-only,Owner explicitly approved 96 enquiry-only listings with neutral placeholders,Not technically verified; brand/model/specs/price/stock omitted
macire-32a0e4b493559dbd,450L WASP Concrete Mixer with Diesel Engine Heavy Duty,construction,construction-1,https://macire.co.ke/product/450l-wasp-concrete-mixer-with-diesel-engine-heavy-duty/,Published enquiry-only,Owner explicitly approved 96 enquiry-only listings with neutral placeholders,Not technically verified; brand/model/specs/price/stock omitted
macire-39e119878713c2a6,CONCRETE MIXER,construction,construction-1,https://macire.co.ke/product/concrete-mixer-2/,Published enquiry-only,Owner explicitly approved 96 enquiry-only listings with neutral placeholders,Not technically verified; brand/model/specs/price/stock omitted
macire-ceb830889f76e8a7,Poker Vibrator Golf Germany HT-ZB50,construction,construction-1,https://macire.co.ke/product/poker-vibrator-golf-germany-ht-zb50-petrol-portable-and-durable/,Published enquiry-only,Owner explicitly approved 96 enquiry-only listings with neutral placeholders,Not technically verified; brand/model/specs/price/stock omitted
macire-22a89f20a82c0551,Aico Japan Petrol Poker Vibrator Complete with 45mm Poker Shaft,construction,construction-1,https://macire.co.ke/product/aico-japan-petrol-poker-vibrator-complete-with-45mm-poker-shaft/,Published enquiry-only,Owner explicitly approved 96 enquiry-only listings with neutral placeholders,Not technically verified; brand/model/specs/price/stock omitted
macire-77810d6b80734af0,90kg Tolsen Gasoline Plate Compactor 86103,construction,construction-1,https://macire.co.ke/product/90kg-tolsen-gasoline-plate-compactor-86103/,Published enquiry-only,Owner explicitly approved 96 enquiry-only listings with neutral placeholders,Not technically verified; brand/model/specs/price/stock omitted
macire-e37ca0f126e60649,Aico Japan Power Trowel with Honda GP160 Engine,construction,construction-2,https://macire.co.ke/product/aico-japan-power-trowel-with-honda-gp160-engine/,Published enquiry-only,Owner explicitly approved 96 enquiry-only listings with neutral placeholders,Not technically verified; brand/model/specs/price/stock omitted
macire-1f8dd30504905e8b,Mercury Weldmaster Inverter Welder Evo-300,construction,construction-3,https://macire.co.ke/product/mercury-weldmaster-inverter-welder-evo-300/,Published enquiry-only,Owner explicitly approved 96 enquiry-only listings with neutral placeholders,Not technically verified; brand/model/specs/price/stock omitted
macire-469f9831d56e1502,Aico Japan MIG-200I Portable HEAVY DUTY MIG Inverter Welder AMPS AC/DC,construction,construction-3,https://macire.co.ke/product/aico-japan-mig-200i-portable-heavy-duty-mig-inverter-welder-amps-ac-dc/,Published enquiry-only,Owner explicitly approved 96 enquiry-only listings with neutral placeholders,Not technically verified; brand/model/specs/price/stock omitted
macire-0498f8924f492f21,300A Aico Japan MMA300 Portable Arc Inverter Welding Machine,construction,construction-3,https://macire.co.ke/product/300a-aico-japan-mma300-portable-arc-inverter-welding-machine/,Published enquiry-only,Owner explicitly approved 96 enquiry-only listings with neutral placeholders,Not technically verified; brand/model/specs/price/stock omitted
macire-f37cd967ae4bf144,Riland MIG 350 Welding Machine,construction,construction-3,https://macire.co.ke/product/riland-mig-350-welding-machine/,Published enquiry-only,Owner explicitly approved 96 enquiry-only listings with neutral placeholders,Not technically verified; brand/model/specs/price/stock omitted
macire-8e40f5fad3f4cca3,Planer Blade 16” for ML393 Woodworking Table Saw Spare,construction,construction-4,https://macire.co.ke/product/planer-blade-16-for-ml393-woodworking-table-saw-spare/,Published enquiry-only,Owner explicitly approved 96 enquiry-only listings with neutral placeholders,Not technically verified; brand/model/specs/price/stock omitted
macire-eb6809c0bd80b675,Tolsen Jigsaw 800w Variable Speed,construction,construction-4,https://macire.co.ke/product/tolsen-jigsaw-800w-variable-speed/,Published enquiry-only,Owner explicitly approved 96 enquiry-only listings with neutral placeholders,Not technically verified; brand/model/specs/price/stock omitted
macire-0bc176b2434b6be4,Husqvarna 272 XP Power Saw,construction,construction-4,https://macire.co.ke/product/original-husqvarna-272-xp-power-saw-forestry-timber-cutting/,Published enquiry-only,Owner explicitly approved 96 enquiry-only listings with neutral placeholders,Not technically verified; brand/model/specs/price/stock omitted
macire-cfe600ea9f519667,Lida Woodworking Table Saw,construction,construction-4,https://macire.co.ke/product/lida-woodworking-table-saw-workshop-wood-cutting-machine/,Published enquiry-only,Owner explicitly approved 96 enquiry-only listings with neutral placeholders,Not technically verified; brand/model/specs/price/stock omitted
macire-40c76470e51dd01a,Tolsen Industrial 1/2″ Air Impact Wrench,construction,construction-5,https://macire.co.ke/product/tolsen-industrial-1-2-air-impact-wrench/,Published enquiry-only,Owner explicitly approved 96 enquiry-only listings with neutral placeholders,Not technically verified; brand/model/specs/price/stock omitted
macire-5ad361fa136f86db,MAKITA PW5001C POLISHER STONE(MARBLE/GRANITE) 7” 900W,construction,construction-5,https://macire.co.ke/product/makita-pw5001c-polisher-stonemarble-granite-7-900w/,Published enquiry-only,Owner explicitly approved 96 enquiry-only listings with neutral placeholders,Not technically verified; brand/model/specs/price/stock omitted
macire-dc7814819c7c3157,750Watts CAT Impact Drill DX17,construction,construction-5,https://macire.co.ke/product/750watts-cat-impact-drill-dx17/,Published enquiry-only,Owner explicitly approved 96 enquiry-only listings with neutral placeholders,Not technically verified; brand/model/specs/price/stock omitted
macire-71a88ba6f3953afd,0.75kW 1.0HP TOTAL Sewage Submersible Pump Electric AC TWP87506 750w (Dirty Water 8m Head 217L/min),construction,construction-6,https://macire.co.ke/product/0-75kw-1-0hp-total-sewage-submersible-pump-electric-ac-twp87506-750w-dirty-water-8m-head-217l-min/,Published enquiry-only,Owner explicitly approved 96 enquiry-only listings with neutral placeholders,Not technically verified; brand/model/specs/price/stock omitted
macire-aacce114f64acfca,2.2kW 3″ TOTAL Sewage Submersible Pump Electric 3hp AC TWP7220026 (633L/min),construction,construction-6,https://macire.co.ke/product/2-2kw-3-total-sewage-submersible-pump-electric-3hp-ac-twp7220026-633l-min/,Published enquiry-only,Owner explicitly approved 96 enquiry-only listings with neutral placeholders,Not technically verified; brand/model/specs/price/stock omitted
macire-e8436bd6951edf79,5hp 10m Sewage Pump Shallow Well Water Pump QXD,construction,construction-6,https://macire.co.ke/product/5hp-10m-sewage-pump-shallow-well-water-pump-qxd/,Published enquiry-only,Owner explicitly approved 96 enquiry-only listings with neutral placeholders,Not technically verified; brand/model/specs/price/stock omitted
macire-693262acd380f7e1,15HP Aico Japan WQD10-130 Sewage Submersible Pump,construction,construction-6,https://macire.co.ke/product/15hp-aico-japan-wqd10-130-sewage-submersible-pump-11kw-170m-head-three-phase-2-inch-outlet/,Published enquiry-only,Owner explicitly approved 96 enquiry-only listings with neutral placeholders,Not technically verified; brand/model/specs/price/stock omitted
macire-20221f1266b0ec1b,6 Step Ladder Red Foldable,construction,construction-8,https://macire.co.ke/product/6-step-ladder-red-foldable-heavy-duty/,Published enquiry-only,Owner explicitly approved 96 enquiry-only listings with neutral placeholders,Not technically verified; brand/model/specs/price/stock omitted
macire-cced3d55e3e957fd,A’ Type 5 Steps Aluminum Ladder,construction,construction-8,https://macire.co.ke/product/a-type-5-steps-aluminum-ladder/,Published enquiry-only,Owner explicitly approved 96 enquiry-only listings with neutral placeholders,Not technically verified; brand/model/specs/price/stock omitted
macire-3105f0120401388c,16″ 3.5hp 123cc Lawn Mower Loncin Germany Brand Hand Push LYS16,construction,construction-10,https://macire.co.ke/product/16-3-5hp-123cc-lawn-mower-loncin-germany-brand-hand-push-lys16/,Published enquiry-only,Owner explicitly approved 96 enquiry-only listings with neutral placeholders,Not technically verified; brand/model/specs/price/stock omitted
macire-01eaabe3eae0dcb3,21-Inch Briggs & Stratton WYS21 Lawn Mower,construction,construction-10,https://macire.co.ke/product/21-inch-briggs-stratton-wys21-lawn-mower-wide-cut-lawn-maintenance/,Published enquiry-only,Owner explicitly approved 96 enquiry-only listings with neutral placeholders,Not technically verified; brand/model/specs/price/stock omitted
macire-9dda6dc5c4f30080,16 Inches AICO Japan Manual Lawn Mower AC16MW,construction,construction-10,https://macire.co.ke/product/16-inches-aico-japan-manual-lawn-mower-ac16mw/,Published enquiry-only,Owner explicitly approved 96 enquiry-only listings with neutral placeholders,Not technically verified; brand/model/specs/price/stock omitted
macire-68af157c8129c445,"6.8kVA Cigma-UK Petrol Generator (5.0kW Rated, Key Start, Trolley & Wheels) 6500AE2",generators,generators-1,https://macire.co.ke/product/6-8kva-cigma-uk-petrol-generator-5-0kw-rated-key-start-trolley-wheels-6500ae2/,Published enquiry-only,Owner explicitly approved 96 enquiry-only listings with neutral placeholders,Not technically verified; brand/model/specs/price/stock omitted
macire-f3fc0e042b443c5d,8.1Kva Pioneer Japan Petrol Generator LT8000EN-6,generators,generators-1,https://macire.co.ke/product/8-1kva-pioneer-japan-petrol-generator-lt8000en-6/,Published enquiry-only,Owner explicitly approved 96 enquiry-only listings with neutral placeholders,Not technically verified; brand/model/specs/price/stock omitted
macire-de7749177e05518e,2.4kW DAICHI DC2500 Petrol Generator,generators,generators-1,https://macire.co.ke/product/2-4kw-daichi-dc2500-petrol-generator-key-start/,Published enquiry-only,Owner explicitly approved 96 enquiry-only listings with neutral placeholders,Not technically verified; brand/model/specs/price/stock omitted
macire-fcc658b486ea6072,1.2kva 4 stroke Aico Japan LT2000CL Petrol Generator,generators,generators-1,https://macire.co.ke/product/1-2kva-4-stroke-aico-japan-lt2000cl-petrol-generator/,Published enquiry-only,Owner explicitly approved 96 enquiry-only listings with neutral placeholders,Not technically verified; brand/model/specs/price/stock omitted
macire-18eaf5e15fb64d12,10.5kw Benford Uk Diesel Silent Genset,generators,generators-2,https://macire.co.ke/product/10-5kw-benford-uk-diesel-silent-genset-compact-design/,Published enquiry-only,Owner explicitly approved 96 enquiry-only listings with neutral placeholders,Not technically verified; brand/model/specs/price/stock omitted
macire-6b4e3c6f64c977e5,16.25Kva Hisaki Japan Diesel Generator,generators,generators-2,https://macire.co.ke/product/16-25kva-hisaki-japan-diesel-generator/,Published enquiry-only,Owner explicitly approved 96 enquiry-only listings with neutral placeholders,Not technically verified; brand/model/specs/price/stock omitted
macire-03601a07a487a4c3,5kVA Dayliff Open Diesel Generator,generators,generators-2,https://macire.co.ke/product/5kva-dayliff-open-diesel-generator-fuel-efficient-industrial-power-solution/,Published enquiry-only,Owner explicitly approved 96 enquiry-only listings with neutral placeholders,Not technically verified; brand/model/specs/price/stock omitted
macire-af60226328579568,15kva Maybach Diesel Generator,generators,generators-2,https://macire.co.ke/product/15kva-maybach-diesel-generator-model-mb15000ds3rated-power-12-0kvamax/,Published enquiry-only,Owner explicitly approved 96 enquiry-only listings with neutral placeholders,Not technically verified; brand/model/specs/price/stock omitted
macire-7fa45fb7c970bbd0,10kVA Pulsar Diesel Silent Generator,generators,generators-4,https://macire.co.ke/product/10kva-pulsar-diesel-silent-generator-three-phase-ats/,Published enquiry-only,Owner explicitly approved 96 enquiry-only listings with neutral placeholders,Not technically verified; brand/model/specs/price/stock omitted
macire-743e53b8463372ef,Cummins 33kVA C33D5,generators,generators-4,https://macire.co.ke/product/cummins-33kva-c33d5-super-silent-diesel-generator/,Published enquiry-only,Owner explicitly approved 96 enquiry-only listings with neutral placeholders,Not technically verified; brand/model/specs/price/stock omitted
macire-df574ae6ecee0d83,10.5kVA Maybach 3 Phase Silent Diesel Generator with ATS,generators,generators-5,https://macire.co.ke/product/10-5kva-maybach-3-phase-silent-diesel-generator-with-ats-white/,Published enquiry-only,Owner explicitly approved 96 enquiry-only listings with neutral placeholders,Not technically verified; brand/model/specs/price/stock omitted
macire-33ff3ea966c861e1,15kVA Pyramid Germany Silent Diesel Generator with ATS,generators,generators-5,https://macire.co.ke/product/15kva-pyramid-germany-silent-diesel-generator-with-ats-heavy-duty-three-phase-power/,Published enquiry-only,Owner explicitly approved 96 enquiry-only listings with neutral placeholders,Not technically verified; brand/model/specs/price/stock omitted
macire-3d9cac0197f63239,10.5kVA Maybach Yellow Silent Diesel Generator,generators,generators-5,https://macire.co.ke/product/10-5kva-maybach-yellow-silent-diesel-generator-reliable-single-phase-power/,Published enquiry-only,Owner explicitly approved 96 enquiry-only listings with neutral placeholders,Not technically verified; brand/model/specs/price/stock omitted
macire-e19868a193b066ed,12kVA CIGMA-UK Diesel Silent Generator,generators,generators-5,https://macire.co.ke/product/12kva-cigma-uk-diesel-silent-generator-electric-start-dual-power/,Published enquiry-only,Owner explicitly approved 96 enquiry-only listings with neutral placeholders,Not technically verified; brand/model/specs/price/stock omitted
macire-fbc807d261b9f880,8.5Kva 1-Phase Premier Silent Diesel Generator w/o ATS,generators,generators-5,https://macire.co.ke/product/8-5kva-1-phase-premier-silent-diesel-generator-w-o-ats-heavy-duty-design/,Published enquiry-only,Owner explicitly approved 96 enquiry-only listings with neutral placeholders,Not technically verified; brand/model/specs/price/stock omitted
macire-f04a34af25f6733c,12.5Kva Maybach Welding Generator,generators,generators-9,https://macire.co.ke/product/12-5kva-maybach-welding-generator-2-in-1-heavy-duty-diesel/,Published enquiry-only,Owner explicitly approved 96 enquiry-only listings with neutral placeholders,Not technically verified; brand/model/specs/price/stock omitted
macire-004f77a3877d246c,7kva Diesel Welding Generator Uk Standard,generators,generators-9,https://macire.co.ke/product/7kva-diesel-welding-generator-uk-standard/,Published enquiry-only,Owner explicitly approved 96 enquiry-only listings with neutral placeholders,Not technically verified; brand/model/specs/price/stock omitted
macire-ad05e72379ef9abc,8kva Diesel Welding Generator Rhino Japan Technology,generators,generators-9,https://macire.co.ke/product/rhino-japan-technology-8kva-diesel-welding-generator/,Published enquiry-only,Owner explicitly approved 96 enquiry-only listings with neutral placeholders,Not technically verified; brand/model/specs/price/stock omitted
