source_id,product,source_url,outcome,draft_id,reason
MACIRE-003,2kW Felicity Lithium Deluxe Family Solar Kit (24V) – Complete Home Solar Power System,https://macire.co.ke/product/2kw-felicity-lithium-solar-family-kit-24v-inverter-battery-panels/,draft,macire-5feb147d94b109c9,"Imported as unpublished draft; manufacturer verification, commercial terms and image rights pending"
MACIRE-007,5.5Kw Seven Stars Lithium Solar Kit – 5500w 48v – Affordable & Reliable,https://macire.co.ke/product/5-5kw-seven-stars-lithium-solar-kit-5500w-48v-affordable-reliable/,draft,macire-ed22563493a8039d,"Imported as unpublished draft; manufacturer verification, commercial terms and image rights pending"
MACIRE-009,11kW ALPS Power with 10kWh Storage Solar Kit,https://macire.co.ke/product/11kw-alps-power-with-10kwh-storage-solar-kit/,draft,macire-fa5c03466bc72fba,"Imported as unpublished draft; manufacturer verification, commercial terms and image rights pending"
MACIRE-012,6.2kW 48V SVC Lithium Smart Home Solar Kit – 5.12kWh Battery & 6 × 590W Panels,https://macire.co.ke/product/6-2kw-48v-svc-lithium-smart-home-solar-kit-5-12kwh-battery-6-x-590w-panels/,draft,macire-0e86ac139f88528f,"Imported as unpublished draft; manufacturer verification, commercial terms and image rights pending"
MACIRE-021,"1.5kVA MUST VPM High-Frequency Inverter – 12V, 60A, 160VDC",https://macire.co.ke/product/1-5kva-must-vpm-high-frequency-inverter-12v-60a-160vdc/,draft,macire-aeea5c22f3ebffb9,"Imported as unpublished draft; manufacturer verification, commercial terms and image rights pending"
MACIRE-023,Must 2.5Kw 2500Watts 24V PV1800 VPM Hybrid Offgrid Inverter,https://macire.co.ke/product/must-2-5kw-2500watts-24v-pv1800-vpm-hybrid-offgrid-inverter/,draft,macire-9ba8db28754fc1c1,"Imported as unpublished draft; manufacturer verification, commercial terms and image rights pending"
MACIRE-024,4kw 24v SVC Off-grid Solar Inverter – 4000w 100A MPPT – Intuitive LCD Display,https://macire.co.ke/product/4kw-24v-svc-off-grid-solar-inverter-4000w-100a-mppt-intuitive-lcd-display/,draft,macire-aa0e0d783bb89ee6,"Imported as unpublished draft; manufacturer verification, commercial terms and image rights pending"
MACIRE-026,200Ah Platinum LiFePO₄ Lithium Battery 12.8V – High-Capacity Deep Cycle Solar Battery,https://macire.co.ke/product/200ah-platinum-lifepo%e2%82%84-lithium-battery-12-8v-high-capacity-deep-cycle-solar-battery/,draft,macire-467da55be5974657,"Imported as unpublished draft; manufacturer verification, commercial terms and image rights pending"
MACIRE-028,2.56kWh Felicity FLA12200PG2 12V 200Ah Grade A Battery,https://macire.co.ke/product/2-56kwh-felicity-fla12200pg2-12v-200ah-grade-a-battery/,draft,macire-6acb386c924abe8e,"Imported as unpublished draft; manufacturer verification, commercial terms and image rights pending"
MACIRE-029,"200Ah Yachu 12.8V Lithium Battery – LiFePO₄, Built-in BMS, Deep Cycle",https://macire.co.ke/product/200ah-yachu-12-8v-lithium-battery-lifepo%e2%82%84-built-in-bms-deep-cycle/,draft,macire-2fdc94310df43916,"Imported as unpublished draft; manufacturer verification, commercial terms and image rights pending"
MACIRE-030,Lithium Battery 12v 150ah Lifepo4 Battery Pack,https://macire.co.ke/product/lithium-battery-12v-150ah-lifepo4-battery-pack/,draft,macire-d8b4138bdced3923,"Imported as unpublished draft; manufacturer verification, commercial terms and image rights pending"
MACIRE-031,50m 1500L/h 24v Premier Solar DC Water Pump Deep Well JZDC3S24-250 with 250watts Panel,https://macire.co.ke/product/60m-1500l-h-24v-premier-solar-dc-water-pump-deep-well-jzdc3s24-250-with-250watts-panel/,draft,macire-8c8f4fe27c352c2f,"Imported as unpublished draft; manufacturer verification, commercial terms and image rights pending"
MACIRE-032,60M Premier DC Solar Submersible Pump – 250W 24V,https://macire.co.ke/product/60m-premier-dc-solar-submersible-pump-250w-24v/,draft,macire-b7b89b8d827fc1d0,"Imported as unpublished draft; manufacturer verification, commercial terms and image rights pending"
MACIRE-033,"1.25″ Shiyuan 2.2kW Hybrid AC/DC Submersible Deep Well Pump – 160m Head, 6.5m³/h, Brushless with Controller",https://macire.co.ke/product/160m-2-2kw-solar-borehole-pump-6-5m3-h-shiyuan-280v-1-25-submersible-deep-well-pump/,draft,macire-b239d146f89e4414,"Imported as unpublished draft; manufacturer verification, commercial terms and image rights pending"
MACIRE-034,56m 6000L/Hr 4″ Solar Water Pump Kit with Panels 4DPC6-56-48-750 DC 48V 750W Submersible Borehole Deep Well pump with Mppt Controller Trunsun,https://macire.co.ke/product/56m-6000l-hr-4-solar-water-pump-kit-with-panels-4dpc6-56-48-750-dc-48v-750w-submersible-borehole-deep-well-pump-with-mppt-controller-trunsun/,draft,macire-6980550400e3a1fd,"Imported as unpublished draft; manufacturer verification, commercial terms and image rights pending"
MACIRE-035,3Kw 7m³ 220m Doyin DC AC/DC Hybrid Borehole Submersible Water Pump – 4SDS7 3000w 4hp 7000L/h,https://macire.co.ke/product/3kw-7m%c2%b3-220m-doyin-dc-ac-dc-hybrid-borehole-submersible-water-pump-4sds7-3000w-4hp-7000l-h/,draft,macire-08da9355b0ebddca,"Imported as unpublished draft; manufacturer verification, commercial terms and image rights pending"
MACIRE-036,200L Aquasun Non-Pressurised Solar Water Heater,https://macire.co.ke/product/200l-aquasun-non-pressurised-solar-water-heater/,draft,macire-1065cd36afab46d9,"Imported as unpublished draft; manufacturer verification, commercial terms and image rights pending"
MACIRE-041,Suntree Pv cable 10.0mm2,https://macire.co.ke/product/suntree-pv-cable-10-0mm2/,draft,macire-698a26450c916d1c,"Imported as unpublished draft; manufacturer verification, commercial terms and image rights pending"
MACIRE-042,Suntree Mc4 Connector,https://macire.co.ke/product/suntree-mc4-connector/,draft,macire-e6db74216d57fc61,"Imported as unpublished draft; manufacturer verification, commercial terms and image rights pending"
MACIRE-043,6mm Pv Solar Cable – Pure Copper,https://macire.co.ke/product/6mm-pv-solar-cable-pure-copper/,draft,macire-907e6f513883a74d,"Imported as unpublished draft; manufacturer verification, commercial terms and image rights pending"
MACIRE-044,6mm Suntree Pv Solar Cable,https://macire.co.ke/product/6mm-suntree-pv-solar-cable/,draft,macire-037c3c86554b7e52,"Imported as unpublished draft; manufacturer verification, commercial terms and image rights pending"
MACIRE-045,Solar MC4 Connector T-Branch 3 to 1 Splitter MMMF + FFFM Pair,https://macire.co.ke/product/solar-mc4-connector-t-branch-3-to-1-splitter-mmmf-fffm-pair/,draft,macire-2cfcb7d30fba8237,"Imported as unpublished draft; manufacturer verification, commercial terms and image rights pending"
MACIRE-046,2.2Kw Single Phase Hober Solar Pumping Hybrid Inverter – Advanced MPPT Technology,https://macire.co.ke/product/2-2kw-1ph-hober-solar-pumping-hybrid-inverter-advanced-mppt-technology/,draft,macire-99fc8e689924f3b0,"Imported as unpublished draft; manufacturer verification, commercial terms and image rights pending"
MACIRE-058,Premium Mesh Nylon Beekeeping Suit | Camire UK,https://macire.co.ke/product/premium-mesh-nylon-beekeeping-suit-camire-uk/,draft,macire-351ed119541ef20e,"Imported as unpublished draft; manufacturer verification, commercial terms and image rights pending"
MACIRE-063,"192 Eggs Premier Egg Incubator – Automatic Rolling, High Hatch Rate, Energy Efficient",https://macire.co.ke/product/192-eggs-premier-egg-incubator-automatic-rolling-high-hatch-rate-energy-efficient/,draft,macire-d21e05ae2b6637b9,"Imported as unpublished draft; manufacturer verification, commercial terms and image rights pending"
MACIRE-066,36 Eggs Incubator with Automatic Turning & Humidity Control & LED Canding Lamp Milano,https://macire.co.ke/product/36-eggs-incubator-with-automatic-turning-humidity-control-led-canding-lamp-milano/,draft,macire-f9ffd8fc85332441,"Imported as unpublished draft; manufacturer verification, commercial terms and image rights pending"
MACIRE-067,120 Egg Automatic Incubator (Can Use Electricity or Battery),https://macire.co.ke/product/120-egg-automatic-incubator-can-use-electricity-or-battery/,draft,macire-b74e29b468f41c25,"Imported as unpublished draft; manufacturer verification, commercial terms and image rights pending"
MACIRE-070,"450kg/h Premier PM33 Commercial Maize Mill – Dual Frame, Free Screen, 7.5HP Ready",https://macire.co.ke/product/450kg-h-premier-pm33-commercial-maize-mill-dual-frame-free-screen-7-5hp-ready/,draft,macire-4e7d9a3ce2b81cef,"Imported as unpublished draft; manufacturer verification, commercial terms and image rights pending"
MACIRE-073,2″ x 100m Premier Heavy Duty Delivery Hose Pipe,https://macire.co.ke/product/2-x-100m-premier-heavy-duty-delivery-hose-pipe-copy/,draft,macire-087453e6c9df55a8,"Imported as unpublished draft; manufacturer verification, commercial terms and image rights pending"
MACIRE-074,2 Inches Lenhard Germany Delivery Blue Pipes 2 X 50metres – Heavy Duty Reinforced Pvc Lay Flat,https://macire.co.ke/product/lenhard-germany-delivery-blue-pipes-2-x-50metres-2-inches-heavy-duty-reinforced-pvc-lay-flat/,draft,macire-a03a7880b9ed14f0,"Imported as unpublished draft; manufacturer verification, commercial terms and image rights pending"
MACIRE-075,1.5″ 30m Canvas Delivery White Pipe Sunny Brand,https://macire.co.ke/product/1-5-30m-canvas-delivery-white-pipe-sunny-brand/,draft,macire-8f242801d7b7c792,"Imported as unpublished draft; manufacturer verification, commercial terms and image rights pending"
MACIRE-076,2″ 50m Blue Delivery Pipe Kmax Italy – Heavy Duty Reinforced PVC Lay Flat,https://macire.co.ke/product/2-50m-blue-delivery-pipe-kmax-italy-heavy-duty-reinforced-pvc-lay-flat/,draft,macire-5a96a045f90798b1,"Imported as unpublished draft; manufacturer verification, commercial terms and image rights pending"
MACIRE-078,24HP JD Jindong Diesel Engine Water Cooled – ZS1115WP,https://macire.co.ke/product/24hp-jd-jindong-diesel-engine-water-cooled-zs1115wp/,draft,macire-4a96c998ab874a41,"Imported as unpublished draft; manufacturer verification, commercial terms and image rights pending"
MACIRE-079,7.5hp JD Jiadi Diesel Engine JD175WP Water Cooled Manual Start,https://macire.co.ke/product/7-5hp-jd-jiadi-diesel-engine-jd175wp-water-cooled-manual-start/,draft,macire-00b6fb736984b420,"Imported as unpublished draft; manufacturer verification, commercial terms and image rights pending"
MACIRE-082,Water cooled diesel engine ZH-1110 – 22 HP,https://macire.co.ke/product/water-cooled-diesel-engine-zh-1110-22-hp/,draft,macire-7c69f871ee1d3dfe,"Imported as unpublished draft; manufacturer verification, commercial terms and image rights pending"
MACIRE-083,Garden Pressure Sprayer Heavy Duty,https://macire.co.ke/product/garden-pressure-sprayer-heavy-duty/,draft,macire-19989dbfc50da6b9,"Imported as unpublished draft; manufacturer verification, commercial terms and image rights pending"
MACIRE-084,20L Premier Economy Knapsack Sprayer – Manual Farm Sprayer,https://macire.co.ke/product/20l-premier-economy-knapsack-sprayer-manual-farm-sprayer/,draft,macire-3972a48d5671a9f2,"Imported as unpublished draft; manufacturer verification, commercial terms and image rights pending"
MACIRE-086,Farmate 15L Original Knapsack Sprayer,https://macire.co.ke/product/farmate-15l-original-knapsack-sprayer/,draft,macire-2876c7d2e4fc4b14,"Imported as unpublished draft; manufacturer verification, commercial terms and image rights pending"
MACIRE-088,2″ Big Rain Gun Irrigation Rain Gun Stainless Steel Tripod Type,https://macire.co.ke/product/2-big-rain-gun-irrigation-rain-gun-stainless-steel-tripod-type/,draft,macire-fc664d47c471c3a8,"Imported as unpublished draft; manufacturer verification, commercial terms and image rights pending"
MACIRE-089,2″ Aico Japan Diesel Water Pump Engine – Normal Pressure,https://macire.co.ke/product/2-aico-japan-diesel-water-pump-engine-normal-pressure/,draft,macire-6315b5724ff3c4f6,"Imported as unpublished draft; manufacturer verification, commercial terms and image rights pending"
MACIRE-091,2hp 28m 6m³/h Electric Submersible Water Pump Premier,https://macire.co.ke/product/2hp-28m-6m%c2%b3-h-electric-submersible-water-pump-premier-1-1kw-pr6-28-1-5/,draft,macire-1fd02009cbe7d050,"Imported as unpublished draft; manufacturer verification, commercial terms and image rights pending"
MACIRE-094,10mm West Twin With Earth Local Cable – Price Per Meter – Energy Efficient & Cost-Effective!,https://macire.co.ke/product/10mm-west-twin-with-earth-local-cable-price-per-meter-energy-efficient-cost-effective/,draft,macire-1d21f9d15927634b,"Imported as unpublished draft; manufacturer verification, commercial terms and image rights pending"
MACIRE-110,25m POWERMATE Extension Reel – 1.5mm² Cable,https://macire.co.ke/product/25m-powermate-extension-reel-1-5mm%c2%b2-cable/,draft,macire-0a8797fff7e8cb17,"Imported as unpublished draft; manufacturer verification, commercial terms and image rights pending"
MACIRE-134,"93m Doyin AC Borehole Submersible Water Pump – 0.75kW, 1HP, Ordinary Impeller",https://macire.co.ke/product/93m-doyin-ac-borehole-submersible-water-pump-0-75kw-1hp-ordinary-impeller/,draft,macire-a190ba2a8c3984c8,"Imported as unpublished draft; manufacturer verification, commercial terms and image rights pending"
MACIRE-149,0.7KVA Lorentz PS2-600 Controller,https://macire.co.ke/product/0-7kva-lorentz-ps2-600-controller/,draft,macire-fbe091f333751629,"Imported as unpublished draft; manufacturer verification, commercial terms and image rights pending"
MACIRE-158,60M Aico Japan 1HP Centrifugal Water Booster Pump AKP80,https://macire.co.ke/product/60m-aico-japan-1hp-centrifugal-water-booster-pump-akp80/,draft,macire-36a86978b922dd61,"Imported as unpublished draft; manufacturer verification, commercial terms and image rights pending"
MACIRE-159,0.32hp 0.25Kw Dayliff DDP 50A Automatic Mini Electric Booster Water Pump,https://macire.co.ke/product/dayliff-ddp-50a-automatic-mini-booster-pump/,draft,macire-7cfcc4c16a67907a,"Imported as unpublished draft; manufacturer verification, commercial terms and image rights pending"
MACIRE-160,0.5hp 0.37Kw 35m Dayliff DDP 60 Electric Booster Water Pump High Quality,https://macire.co.ke/product/dayliff-ddp-60-high-quality-booster-pump/,draft,macire-5c5903a4cab7826b,"Imported as unpublished draft; manufacturer verification, commercial terms and image rights pending"
MACIRE-161,0.5hp 28m 1.8m³ Electric Booster Peripheral Water Pump Premier QB60,https://macire.co.ke/product/0-5hp-28m-1-8m%c2%b3-electric-booster-peripheral-water-pump-premier-qb60/,draft,macire-0c6d10cfdbc95b38,"Imported as unpublished draft; manufacturer verification, commercial terms and image rights pending"
MACIRE-163,"1.1kW Aico Japan Swimming Pool Pump – AC-SPP, 366L/min Flow, 25m Head",https://macire.co.ke/product/1-1kw-aico-japan-swimming-pool-pump-ac-spp-366l-min-flow-25m-head/,draft,macire-9388eea52d56284f,"Imported as unpublished draft; manufacturer verification, commercial terms and image rights pending"
MACIRE-168,Dayliff Chlorine 65 – from 5kgs,https://macire.co.ke/product/dayliff-chlorine-65-40kgs/,draft,macire-10ff23cbb69bf8d1,"Imported as unpublished draft; manufacturer verification, commercial terms and image rights pending"
MACIRE-171,ATLAS OASIS DP Sanic 100GPD Water Treatment,https://macire.co.ke/product/atlas-oasis-dp-sanic-100gpd-water-treatment/,draft,macire-714e12f1a6dfb6ef,"Imported as unpublished draft; manufacturer verification, commercial terms and image rights pending"
MACIRE-176,450L WASP Concrete Mixer with Diesel Engine Heavy Duty,https://macire.co.ke/product/450l-wasp-concrete-mixer-with-diesel-engine-heavy-duty/,draft,macire-32a0e4b493559dbd,"Imported as unpublished draft; manufacturer verification, commercial terms and image rights pending"
MACIRE-177,CONCRETE MIXER,https://macire.co.ke/product/concrete-mixer-2/,draft,macire-39e119878713c2a6,"Imported as unpublished draft; manufacturer verification, commercial terms and image rights pending"
MACIRE-178,Poker Vibrator Golf Germany HT-ZB50 – Petrol Portable and durable,https://macire.co.ke/product/poker-vibrator-golf-germany-ht-zb50-petrol-portable-and-durable/,draft,macire-ceb830889f76e8a7,"Imported as unpublished draft; manufacturer verification, commercial terms and image rights pending"
MACIRE-179,Aico Japan Petrol Poker Vibrator Complete with 45mm Poker Shaft,https://macire.co.ke/product/aico-japan-petrol-poker-vibrator-complete-with-45mm-poker-shaft/,draft,macire-22a89f20a82c0551,"Imported as unpublished draft; manufacturer verification, commercial terms and image rights pending"
MACIRE-180,90kg Tolsen Gasoline Plate Compactor 86103,https://macire.co.ke/product/90kg-tolsen-gasoline-plate-compactor-86103/,draft,macire-77810d6b80734af0,"Imported as unpublished draft; manufacturer verification, commercial terms and image rights pending"
MACIRE-181,Aico Japan Power Trowel with Honda GP160 Engine,https://macire.co.ke/product/aico-japan-power-trowel-with-honda-gp160-engine/,draft,macire-e37ca0f126e60649,"Imported as unpublished draft; manufacturer verification, commercial terms and image rights pending"
MACIRE-182,Mercury Weldmaster Inverter Welder Evo-300,https://macire.co.ke/product/mercury-weldmaster-inverter-welder-evo-300/,draft,macire-1f8dd30504905e8b,"Imported as unpublished draft; manufacturer verification, commercial terms and image rights pending"
MACIRE-184,Aico Japan MIG-200I Portable HEAVY DUTY MIG Inverter Welder AMPS AC/DC,https://macire.co.ke/product/aico-japan-mig-200i-portable-heavy-duty-mig-inverter-welder-amps-ac-dc/,draft,macire-469f9831d56e1502,"Imported as unpublished draft; manufacturer verification, commercial terms and image rights pending"
MACIRE-185,300A Aico Japan MMA300 Portable Arc Inverter Welding Machine,https://macire.co.ke/product/300a-aico-japan-mma300-portable-arc-inverter-welding-machine/,draft,macire-0498f8924f492f21,"Imported as unpublished draft; manufacturer verification, commercial terms and image rights pending"
MACIRE-186,Riland MIG 350 Welding Machine,https://macire.co.ke/product/riland-mig-350-welding-machine/,draft,macire-f37cd967ae4bf144,"Imported as unpublished draft; manufacturer verification, commercial terms and image rights pending"
MACIRE-187,Planer Blade 16” for ML393 Woodworking Table Saw Spare,https://macire.co.ke/product/planer-blade-16-for-ml393-woodworking-table-saw-spare/,draft,macire-8e40f5fad3f4cca3,"Imported as unpublished draft; manufacturer verification, commercial terms and image rights pending"
MACIRE-189,Tolsen Jigsaw 800w Variable Speed,https://macire.co.ke/product/tolsen-jigsaw-800w-variable-speed/,draft,macire-eb6809c0bd80b675,"Imported as unpublished draft; manufacturer verification, commercial terms and image rights pending"
MACIRE-190,Original! Husqvarna 272 XP Power Saw – Forestry & Timber Cutting,https://macire.co.ke/product/original-husqvarna-272-xp-power-saw-forestry-timber-cutting/,draft,macire-0bc176b2434b6be4,"Imported as unpublished draft; manufacturer verification, commercial terms and image rights pending"
MACIRE-191,Lida Woodworking Table Saw – Workshop Wood Cutting Machine,https://macire.co.ke/product/lida-woodworking-table-saw-workshop-wood-cutting-machine/,draft,macire-cfe600ea9f519667,"Imported as unpublished draft; manufacturer verification, commercial terms and image rights pending"
MACIRE-193,Tolsen Industrial 1/2″ Air Impact Wrench,https://macire.co.ke/product/tolsen-industrial-1-2-air-impact-wrench/,draft,macire-40c76470e51dd01a,"Imported as unpublished draft; manufacturer verification, commercial terms and image rights pending"
MACIRE-194,MAKITA PW5001C POLISHER STONE(MARBLE/GRANITE) 7” 900W,https://macire.co.ke/product/makita-pw5001c-polisher-stonemarble-granite-7-900w/,draft,macire-5ad361fa136f86db,"Imported as unpublished draft; manufacturer verification, commercial terms and image rights pending"
MACIRE-195,750Watts CAT Impact Drill DX17,https://macire.co.ke/product/750watts-cat-impact-drill-dx17/,draft,macire-dc7814819c7c3157,"Imported as unpublished draft; manufacturer verification, commercial terms and image rights pending"
MACIRE-197,0.75kW 1.0HP TOTAL Sewage Submersible Pump Electric AC TWP87506 750w (Dirty Water 8m Head 217L/min),https://macire.co.ke/product/0-75kw-1-0hp-total-sewage-submersible-pump-electric-ac-twp87506-750w-dirty-water-8m-head-217l-min/,draft,macire-71a88ba6f3953afd,"Imported as unpublished draft; manufacturer verification, commercial terms and image rights pending"
MACIRE-198,2.2kW 3″ TOTAL Sewage Submersible Pump Electric 3hp AC TWP7220026 (633L/min),https://macire.co.ke/product/2-2kw-3-total-sewage-submersible-pump-electric-3hp-ac-twp7220026-633l-min/,draft,macire-aacce114f64acfca,"Imported as unpublished draft; manufacturer verification, commercial terms and image rights pending"
MACIRE-199,5hp 10m Sewage Pump Shallow Well Water Pump QXD,https://macire.co.ke/product/5hp-10m-sewage-pump-shallow-well-water-pump-qxd/,draft,macire-e8436bd6951edf79,"Imported as unpublished draft; manufacturer verification, commercial terms and image rights pending"
MACIRE-201,"15HP Aico Japan WQD10-130 Sewage Submersible Pump – 11KW, 170m Head, Three Phase, 2-Inch Outlet",https://macire.co.ke/product/15hp-aico-japan-wqd10-130-sewage-submersible-pump-11kw-170m-head-three-phase-2-inch-outlet/,draft,macire-693262acd380f7e1,"Imported as unpublished draft; manufacturer verification, commercial terms and image rights pending"
MACIRE-207,6 Step Ladder Red Foldable – Heavy Duty,https://macire.co.ke/product/6-step-ladder-red-foldable-heavy-duty/,draft,macire-20221f1266b0ec1b,"Imported as unpublished draft; manufacturer verification, commercial terms and image rights pending"
MACIRE-209,A’ Type 5 Steps Aluminum Ladder,https://macire.co.ke/product/a-type-5-steps-aluminum-ladder/,draft,macire-cced3d55e3e957fd,"Imported as unpublished draft; manufacturer verification, commercial terms and image rights pending"
MACIRE-214,16″ 3.5hp 123cc Lawn Mower Loncin Germany Brand Hand Push LYS16,https://macire.co.ke/product/16-3-5hp-123cc-lawn-mower-loncin-germany-brand-hand-push-lys16/,draft,macire-3105f0120401388c,"Imported as unpublished draft; manufacturer verification, commercial terms and image rights pending"
MACIRE-216,21-Inch Briggs & Stratton WYS21 Lawn Mower – Wide-Cut Lawn Maintenance,https://macire.co.ke/product/21-inch-briggs-stratton-wys21-lawn-mower-wide-cut-lawn-maintenance/,draft,macire-01eaabe3eae0dcb3,"Imported as unpublished draft; manufacturer verification, commercial terms and image rights pending"
MACIRE-217,16 Inches AICO Japan Manual Lawn Mower AC16MW,https://macire.co.ke/product/16-inches-aico-japan-manual-lawn-mower-ac16mw/,draft,macire-9dda6dc5c4f30080,"Imported as unpublished draft; manufacturer verification, commercial terms and image rights pending"
MACIRE-219,"6.8kVA Cigma-UK Petrol Generator (5.0kW Rated, Key Start, Trolley & Wheels) 6500AE2",https://macire.co.ke/product/6-8kva-cigma-uk-petrol-generator-5-0kw-rated-key-start-trolley-wheels-6500ae2/,draft,macire-68af157c8129c445,"Imported as unpublished draft; manufacturer verification, commercial terms and image rights pending"
MACIRE-220,8.1Kva Pioneer Japan Petrol Generator LT8000EN-6,https://macire.co.ke/product/8-1kva-pioneer-japan-petrol-generator-lt8000en-6/,draft,macire-f3fc0e042b443c5d,"Imported as unpublished draft; manufacturer verification, commercial terms and image rights pending"
MACIRE-222,2.4kW DAICHI DC2500 Petrol Generator – Key Start,https://macire.co.ke/product/2-4kw-daichi-dc2500-petrol-generator-key-start/,draft,macire-de7749177e05518e,"Imported as unpublished draft; manufacturer verification, commercial terms and image rights pending"
MACIRE-223,1.2kva 4 stroke Aico Japan LT2000CL Petrol Generator,https://macire.co.ke/product/1-2kva-4-stroke-aico-japan-lt2000cl-petrol-generator/,draft,macire-fcc658b486ea6072,"Imported as unpublished draft; manufacturer verification, commercial terms and image rights pending"
MACIRE-224,10.5kw Benford Uk Diesel Silent Genset – Compact Design,https://macire.co.ke/product/10-5kw-benford-uk-diesel-silent-genset-compact-design/,draft,macire-18eaf5e15fb64d12,"Imported as unpublished draft; manufacturer verification, commercial terms and image rights pending"
MACIRE-225,16.25Kva Hisaki Japan Diesel Generator,https://macire.co.ke/product/16-25kva-hisaki-japan-diesel-generator/,draft,macire-6b4e3c6f64c977e5,"Imported as unpublished draft; manufacturer verification, commercial terms and image rights pending"
MACIRE-226,5kVA Dayliff Open Diesel Generator – Fuel-Efficient Industrial Power Solution,https://macire.co.ke/product/5kva-dayliff-open-diesel-generator-fuel-efficient-industrial-power-solution/,draft,macire-03601a07a487a4c3,"Imported as unpublished draft; manufacturer verification, commercial terms and image rights pending"
MACIRE-228,15kva Maybach Diesel Generator,https://macire.co.ke/product/15kva-maybach-diesel-generator-model-mb15000ds3rated-power-12-0kvamax/,draft,macire-af60226328579568,"Imported as unpublished draft; manufacturer verification, commercial terms and image rights pending"
MACIRE-234,"10kVA Pulsar Diesel Silent Generator – Three Phase, ATS",https://macire.co.ke/product/10kva-pulsar-diesel-silent-generator-three-phase-ats/,draft,macire-7fa45fb7c970bbd0,"Imported as unpublished draft; manufacturer verification, commercial terms and image rights pending"
MACIRE-237,Cummins 33kVA C33D5 – Super Silent Diesel Generator Three Phase,https://macire.co.ke/product/cummins-33kva-c33d5-super-silent-diesel-generator/,draft,macire-743e53b8463372ef,"Imported as unpublished draft; manufacturer verification, commercial terms and image rights pending"
MACIRE-239,10.5kVA Maybach 3 Phase Silent Diesel Generator with ATS – White,https://macire.co.ke/product/10-5kva-maybach-3-phase-silent-diesel-generator-with-ats-white/,draft,macire-df574ae6ecee0d83,"Imported as unpublished draft; manufacturer verification, commercial terms and image rights pending"
MACIRE-240,15kVA Pyramid Germany Silent Diesel Generator with ATS – Heavy-Duty Three-Phase Power,https://macire.co.ke/product/15kva-pyramid-germany-silent-diesel-generator-with-ats-heavy-duty-three-phase-power/,draft,macire-33ff3ea966c861e1,"Imported as unpublished draft; manufacturer verification, commercial terms and image rights pending"
MACIRE-241,10.5kVA Maybach Yellow Silent Diesel Generator – Reliable Single-Phase Power,https://macire.co.ke/product/10-5kva-maybach-yellow-silent-diesel-generator-reliable-single-phase-power/,draft,macire-3d9cac0197f63239,"Imported as unpublished draft; manufacturer verification, commercial terms and image rights pending"
MACIRE-242,"12kVA CIGMA-UK Diesel Silent Generator – Electric Start, Dual Power",https://macire.co.ke/product/12kva-cigma-uk-diesel-silent-generator-electric-start-dual-power/,draft,macire-e19868a193b066ed,"Imported as unpublished draft; manufacturer verification, commercial terms and image rights pending"
MACIRE-243,8.5Kva 1-Phase Premier Silent Diesel Generator w/o ATS – Heavy-Duty Design,https://macire.co.ke/product/8-5kva-1-phase-premier-silent-diesel-generator-w-o-ats-heavy-duty-design/,draft,macire-fbc807d261b9f880,"Imported as unpublished draft; manufacturer verification, commercial terms and image rights pending"
MACIRE-255,12.5Kva Maybach Welding Generator – 2 in 1 Heavy Duty Diesel,https://macire.co.ke/product/12-5kva-maybach-welding-generator-2-in-1-heavy-duty-diesel/,draft,macire-f04a34af25f6733c,"Imported as unpublished draft; manufacturer verification, commercial terms and image rights pending"
MACIRE-256,7kva Diesel Welding Generator Uk Standard,https://macire.co.ke/product/7kva-diesel-welding-generator-uk-standard/,draft,macire-004f77a3877d246c,"Imported as unpublished draft; manufacturer verification, commercial terms and image rights pending"
MACIRE-257,8kva Diesel Welding Generator Rhino Japan Technology,https://macire.co.ke/product/rhino-japan-technology-8kva-diesel-welding-generator/,draft,macire-ad05e72379ef9abc,"Imported as unpublished draft; manufacturer verification, commercial terms and image rights pending"
