"product_id","product_name","categories","subcategories","image_outcome","price_outcome","nyce_price_kes","catalogue_data_changed"
"starter-solar","Starter lithium solar kit","solar","solar-1","Neutral placeholder displayed; actual product photo pending","Unresolved: confirmed Nyce KES price required; Request Price retained",,"No"
"alps-6kw","ALPS Essential 6 kW solar kit","solar","solar-2","Neutral placeholder displayed; actual product photo pending","Existing KES price retained","298000","No"
"srne-home","SRNE 10 kW lithium solar system","solar","solar-3","Neutral placeholder displayed; actual product photo pending","Unresolved: confirmed Nyce KES price required; Request Price retained",,"No"
"commercial-solar","Commercial lithium solar package","solar","solar-4","Neutral placeholder displayed; actual product photo pending","Unresolved: confirmed Nyce KES price required; Request Price retained",,"No"
"must-inverter","MUST 5.5 kW hybrid inverter","solar","solar-5","Neutral placeholder displayed; actual product photo pending","Unresolved: confirmed Nyce KES price required; Request Price retained",,"No"
"srne-battery","SRNE 2.56 kWh lithium battery","solar","solar-6","Neutral placeholder displayed; actual product photo pending","Existing KES price retained","57999","No"
"doyin-solar-pump","Doyin 1.5 HP solar borehole pump kit","solar | water","solar-7 | water-6","Neutral placeholder displayed; actual product photo pending","Unresolved: confirmed Nyce KES price required; Request Price retained",,"No"
"solar-heater","Seven Stars 300 L solar water heater","solar","solar-8","Neutral placeholder displayed; actual product photo pending","Unresolved: confirmed Nyce KES price required; Request Price retained",,"No"
"solar-connectors","Solar cable connector pair","solar","solar-9","Neutral placeholder displayed; actual product photo pending","Existing KES price retained","650","No"
"pump-inverter","Solar pumping inverter","solar","solar-10","Neutral placeholder displayed; actual product photo pending","Unresolved: confirmed Nyce KES price required; Request Price retained",,"No"
"irrigation-kit","Drip irrigation starter kit","agriculture | water","agriculture-1 | agriculture-9 | water-10","Neutral placeholder displayed; actual product photo pending","Unresolved: confirmed Nyce KES price required; Request Price retained",,"No"
"jiadi-tractor","JIADI 10 HP walking diesel tractor","agriculture","agriculture-2","Neutral placeholder displayed; actual product photo pending","Unresolved: confirmed Nyce KES price required; Request Price retained",,"No"
"beehive","Timber beehive with frames","agriculture","agriculture-3","Neutral placeholder displayed; actual product photo pending","Unresolved: confirmed Nyce KES price required; Request Price retained",,"No"
"incubator","Automatic egg incubator","agriculture","agriculture-4","Neutral placeholder displayed; actual product photo pending","Unresolved: confirmed Nyce KES price required; Request Price retained",,"No"
"posho-mill","Maize milling machine","agriculture","agriculture-5","Neutral placeholder displayed; actual product photo pending","Unresolved: confirmed Nyce KES price required; Request Price retained",,"No"
"irrigation-pipe","Irrigation HDPE pipe coil","agriculture","agriculture-6","Neutral placeholder displayed; actual product photo pending","Unresolved: confirmed Nyce KES price required; Request Price retained",,"No"
"diesel-engine","Agricultural diesel engine","agriculture","agriculture-7","Neutral placeholder displayed; actual product photo pending","Unresolved: confirmed Nyce KES price required; Request Price retained",,"No"
"sprayer","Manual knapsack sprayer · 16 L example","agriculture","agriculture-8","Neutral placeholder displayed; actual product photo pending","Existing KES price retained","3200","No"
"single-core","Single-core cable · 2.5 mm² example","electrical","electrical-1 | electrical-4","Neutral placeholder displayed; actual product photo pending","Existing KES price retained","12500","No"
"wall-socket","Switched double wall socket","electrical","electrical-2","Neutral placeholder displayed; actual product photo pending","Existing KES price retained","850","No"
"changeover","Manual changeover switch","electrical","electrical-3","Neutral placeholder displayed; actual product photo pending","Unresolved: confirmed Nyce KES price required; Request Price retained",,"No"
"voltage-stabilizer","Automatic voltage stabilizer","electrical","electrical-6","Neutral placeholder displayed; actual product photo pending","Unresolved: confirmed Nyce KES price required; Request Price retained",,"No"
"panel-box","Metal electrical panel enclosure","electrical","electrical-7","Neutral placeholder displayed; actual product photo pending","Unresolved: confirmed Nyce KES price required; Request Price retained",,"No"
"twin-earth","Twin & earth cable","electrical","electrical-9","Neutral placeholder displayed; actual product photo pending","Unresolved: confirmed Nyce KES price required; Request Price retained",,"No"
"distribution-board","Distribution board · 8-way example","electrical","electrical-10","Neutral placeholder displayed; actual product photo pending","Unresolved: confirmed Nyce KES price required; Request Price retained",,"No"
"electric-borehole","Electric submersible borehole pump","water","water-1","Neutral placeholder displayed; actual product photo pending","Unresolved: confirmed Nyce KES price required; Request Price retained",,"No"
"hybrid-borehole","Doyin 1.5 kW AC/DC borehole pump","water","water-3","Neutral placeholder displayed; actual product photo pending","Unresolved: confirmed Nyce KES price required; Request Price retained",,"No"
"borehole-cable","Submersible pump cable","water","water-4","Neutral placeholder displayed; actual product photo pending","Unresolved: confirmed Nyce KES price required; Request Price retained",,"No"
"pump-control","Automatic pump control switch","water","water-5","Neutral placeholder displayed; actual product photo pending","Unresolved: confirmed Nyce KES price required; Request Price retained",,"No"
"booster-pump","Pedrollo 0.5 HP booster pump","water","water-7","Neutral placeholder displayed; actual product photo pending","Unresolved: confirmed Nyce KES price required; Request Price retained",,"No"
"pool-pump","Swimming pool circulation pump","water","water-8","Neutral placeholder displayed; actual product photo pending","Unresolved: confirmed Nyce KES price required; Request Price retained",,"No"
"water-filter","Water filtration housing set","water","water-9","Neutral placeholder displayed; actual product photo pending","Unresolved: confirmed Nyce KES price required; Request Price retained",,"No"
"tolsen-hoist","Tolsen electric hoist · 0.5 tonne","construction","construction-1","Neutral placeholder displayed; actual product photo pending","Existing KES price retained","32995","No"
"concrete-mixer","Site concrete mixer","construction","construction-2","Neutral placeholder displayed; actual product photo pending","Unresolved: confirmed Nyce KES price required; Request Price retained",,"No"
"lenhard-welder","Lenhard MM-300 inverter welder","construction","construction-3","Neutral placeholder displayed; actual product photo pending","Existing KES price retained","19500","No"
"circular-saw","Workshop circular saw","construction","construction-4","Neutral placeholder displayed; actual product photo pending","Unresolved: confirmed Nyce KES price required; Request Price retained",,"No"
"cordless-drill","Cordless drill & driver kit","construction","construction-5","Neutral placeholder displayed; actual product photo pending","Existing KES price retained","14900","No"
"sewage-pump","Submersible drainage & sewage pump","construction","construction-6","Neutral placeholder displayed; actual product photo pending","Unresolved: confirmed Nyce KES price required; Request Price retained",,"No"
"security-camera","Outdoor security camera","construction","construction-7","Neutral placeholder displayed; actual product photo pending","Unresolved: confirmed Nyce KES price required; Request Price retained",,"No"
"ladder","Aluminium step ladder","construction","construction-8","Neutral placeholder displayed; actual product photo pending","Unresolved: confirmed Nyce KES price required; Request Price retained",,"No"
"extinguisher","Portable fire extinguisher","construction","construction-9","Neutral placeholder displayed; actual product photo pending","Unresolved: confirmed Nyce KES price required; Request Price retained",,"No"
"lawn-mower","Petrol walk-behind lawn mower","construction","construction-10","Neutral placeholder displayed; actual product photo pending","Unresolved: confirmed Nyce KES price required; Request Price retained",,"No"
"petrol-generator","Portable petrol generator","generators","generators-1","Neutral placeholder displayed; actual product photo pending","Unresolved: confirmed Nyce KES price required; Request Price retained",,"No"
"hisaki-generator","Hisaki 8.75 kVA diesel generator","generators","generators-2 | generators-3 | generators-5 | generators-10","Neutral placeholder displayed; actual product photo pending","Existing KES price retained","167990","No"
"pulsar-generator","Pulsar 41 kVA diesel generator","generators","generators-4 | generators-6","Neutral placeholder displayed; actual product photo pending","Unresolved: confirmed Nyce KES price required; Request Price retained",,"No"
"alternator","Generator alternator","generators","generators-7","Neutral placeholder displayed; actual product photo pending","Unresolved: confirmed Nyce KES price required; Request Price retained",,"No"
"lpg-generator","Gas-fuelled generator","generators","generators-8","Neutral placeholder displayed; actual product photo pending","Unresolved: confirmed Nyce KES price required; Request Price retained",,"No"
"tlac-welding","TLAC 220 A diesel welding generator","generators | construction","generators-9 | construction-3","Neutral placeholder displayed; actual product photo pending","Unresolved: confirmed Nyce KES price required; Request Price retained",,"No"
"macire-5feb147d94b109c9","2kW Felicity Lithium Deluxe Family Solar Kit (24V)","solar","solar-1","Neutral placeholder displayed; actual product photo pending","Unresolved: confirmed Nyce KES price required; Request Price retained",,"No"
"macire-ed22563493a8039d","5.5Kw Seven Stars Lithium Solar Kit","solar","solar-2","Neutral placeholder displayed; actual product photo pending","Unresolved: confirmed Nyce KES price required; Request Price retained",,"No"
"macire-fa5c03466bc72fba","11kW ALPS Power with 10kWh Storage Solar Kit","solar","solar-2","Neutral placeholder displayed; actual product photo pending","Unresolved: confirmed Nyce KES price required; Request Price retained",,"No"
"macire-0e86ac139f88528f","6.2kW 48V SVC Lithium Smart Home Solar Kit","solar","solar-3","Neutral placeholder displayed; actual product photo pending","Unresolved: confirmed Nyce KES price required; Request Price retained",,"No"
"macire-aeea5c22f3ebffb9","1.5kVA MUST VPM High-Frequency Inverter","solar","solar-5","Neutral placeholder displayed; actual product photo pending","Unresolved: confirmed Nyce KES price required; Request Price retained",,"No"
"macire-9ba8db28754fc1c1","Must 2.5Kw 2500Watts 24V PV1800 VPM Hybrid Offgrid Inverter","solar","solar-5","Neutral placeholder displayed; actual product photo pending","Unresolved: confirmed Nyce KES price required; Request Price retained",,"No"
"macire-aa0e0d783bb89ee6","4kw 24v SVC Off-grid Solar Inverter","solar","solar-5","Neutral placeholder displayed; actual product photo pending","Unresolved: confirmed Nyce KES price required; Request Price retained",,"No"
"macire-467da55be5974657","200Ah Platinum LiFePO₄ Lithium Battery 12.8V","solar","solar-6","Neutral placeholder displayed; actual product photo pending","Unresolved: confirmed Nyce KES price required; Request Price retained",,"No"
"macire-6acb386c924abe8e","2.56kWh Felicity FLA12200PG2 12V 200Ah Grade A Battery","solar","solar-6","Neutral placeholder displayed; actual product photo pending","Unresolved: confirmed Nyce KES price required; Request Price retained",,"No"
"macire-2fdc94310df43916","200Ah Yachu 12.8V Lithium Battery","solar","solar-6","Neutral placeholder displayed; actual product photo pending","Unresolved: confirmed Nyce KES price required; Request Price retained",,"No"
"macire-d8b4138bdced3923","Lithium Battery 12v 150ah Lifepo4 Battery Pack","solar","solar-6","Neutral placeholder displayed; actual product photo pending","Unresolved: confirmed Nyce KES price required; Request Price retained",,"No"
"macire-8c8f4fe27c352c2f","50m 1500L/h 24v Premier Solar DC Water Pump Deep Well JZDC3S24-250 with 250watts Panel","solar","solar-7","Neutral placeholder displayed; actual product photo pending","Unresolved: confirmed Nyce KES price required; Request Price retained",,"No"
"macire-b7b89b8d827fc1d0","60M Premier DC Solar Submersible Pump","solar","solar-7","Neutral placeholder displayed; actual product photo pending","Unresolved: confirmed Nyce KES price required; Request Price retained",,"No"
"macire-b239d146f89e4414","1.25″ Shiyuan 2.2kW Hybrid AC/DC Submersible Deep Well Pump","solar","solar-7","Neutral placeholder displayed; actual product photo pending","Unresolved: confirmed Nyce KES price required; Request Price retained",,"No"
"macire-6980550400e3a1fd","56m 6000L/Hr 4″ Solar Water Pump Kit with Panels 4DPC6-56-48-750 DC 48V 750W Submersible Borehole Deep Well pump with Mppt Controller Trunsun","solar","solar-7","Neutral placeholder displayed; actual product photo pending","Unresolved: confirmed Nyce KES price required; Request Price retained",,"No"
"macire-08da9355b0ebddca","3Kw 7m³ 220m Doyin DC AC/DC Hybrid Borehole Submersible Water Pump","solar","solar-7","Neutral placeholder displayed; actual product photo pending","Unresolved: confirmed Nyce KES price required; Request Price retained",,"No"
"macire-1065cd36afab46d9","200L Aquasun Non-Pressurised Solar Water Heater","solar","solar-8","Neutral placeholder displayed; actual product photo pending","Unresolved: confirmed Nyce KES price required; Request Price retained",,"No"
"macire-698a26450c916d1c","Suntree Pv cable 10.0mm2","solar","solar-9","Neutral placeholder displayed; actual product photo pending","Unresolved: confirmed Nyce KES price required; Request Price retained",,"No"
"macire-e6db74216d57fc61","Suntree Mc4 Connector","solar","solar-9","Neutral placeholder displayed; actual product photo pending","Unresolved: confirmed Nyce KES price required; Request Price retained",,"No"
"macire-907e6f513883a74d","6mm Pv Solar Cable","solar","solar-9","Neutral placeholder displayed; actual product photo pending","Unresolved: confirmed Nyce KES price required; Request Price retained",,"No"
"macire-037c3c86554b7e52","6mm Suntree Pv Solar Cable","solar","solar-9","Neutral placeholder displayed; actual product photo pending","Unresolved: confirmed Nyce KES price required; Request Price retained",,"No"
"macire-2cfcb7d30fba8237","Solar MC4 Connector T-Branch 3 to 1 Splitter MMMF + FFFM Pair","solar","solar-9","Neutral placeholder displayed; actual product photo pending","Unresolved: confirmed Nyce KES price required; Request Price retained",,"No"
"macire-99fc8e689924f3b0","2.2Kw Single Phase Hober Solar Pumping Hybrid Inverter","solar","solar-10","Neutral placeholder displayed; actual product photo pending","Unresolved: confirmed Nyce KES price required; Request Price retained",,"No"
"macire-351ed119541ef20e","Premium Mesh Nylon Beekeeping Suit","agriculture","agriculture-3","Neutral placeholder displayed; actual product photo pending","Unresolved: confirmed Nyce KES price required; Request Price retained",,"No"
"macire-d21e05ae2b6637b9","192 Eggs Premier Egg Incubator","agriculture","agriculture-4","Neutral placeholder displayed; actual product photo pending","Unresolved: confirmed Nyce KES price required; Request Price retained",,"No"
"macire-f9ffd8fc85332441","36 Eggs Incubator with Automatic Turning & Humidity Control & LED Canding Lamp Milano","agriculture","agriculture-4","Neutral placeholder displayed; actual product photo pending","Unresolved: confirmed Nyce KES price required; Request Price retained",,"No"
"macire-b74e29b468f41c25","120 Egg Automatic Incubator (Can Use Electricity or Battery)","agriculture","agriculture-4","Neutral placeholder displayed; actual product photo pending","Unresolved: confirmed Nyce KES price required; Request Price retained",,"No"
"macire-4e7d9a3ce2b81cef","450kg/h Premier PM33 Commercial Maize Mill","agriculture","agriculture-5","Neutral placeholder displayed; actual product photo pending","Unresolved: confirmed Nyce KES price required; Request Price retained",,"No"
"macire-087453e6c9df55a8","2″ x 100m Premier Heavy Duty Delivery Hose Pipe","agriculture","agriculture-6","Neutral placeholder displayed; actual product photo pending","Unresolved: confirmed Nyce KES price required; Request Price retained",,"No"
"macire-a03a7880b9ed14f0","2 Inches Lenhard Germany Delivery Blue Pipes 2 X 50metres","agriculture","agriculture-6","Neutral placeholder displayed; actual product photo pending","Unresolved: confirmed Nyce KES price required; Request Price retained",,"No"
"macire-8f242801d7b7c792","1.5″ 30m Canvas Delivery White Pipe Sunny Brand","agriculture","agriculture-6","Neutral placeholder displayed; actual product photo pending","Unresolved: confirmed Nyce KES price required; Request Price retained",,"No"
"macire-5a96a045f90798b1","2″ 50m Blue Delivery Pipe Kmax Italy","agriculture","agriculture-6","Neutral placeholder displayed; actual product photo pending","Unresolved: confirmed Nyce KES price required; Request Price retained",,"No"
"macire-4a96c998ab874a41","24HP JD Jindong Diesel Engine Water Cooled","agriculture","agriculture-7","Neutral placeholder displayed; actual product photo pending","Unresolved: confirmed Nyce KES price required; Request Price retained",,"No"
"macire-00b6fb736984b420","7.5hp JD Jiadi Diesel Engine JD175WP Water Cooled Manual Start","agriculture","agriculture-7","Neutral placeholder displayed; actual product photo pending","Unresolved: confirmed Nyce KES price required; Request Price retained",,"No"
"macire-7c69f871ee1d3dfe","Water cooled diesel engine ZH-1110","agriculture","agriculture-7","Neutral placeholder displayed; actual product photo pending","Unresolved: confirmed Nyce KES price required; Request Price retained",,"No"
"macire-19989dbfc50da6b9","Garden Pressure Sprayer Heavy Duty","agriculture","agriculture-8","Neutral placeholder displayed; actual product photo pending","Unresolved: confirmed Nyce KES price required; Request Price retained",,"No"
"macire-3972a48d5671a9f2","20L Premier Economy Knapsack Sprayer","agriculture","agriculture-8","Neutral placeholder displayed; actual product photo pending","Unresolved: confirmed Nyce KES price required; Request Price retained",,"No"
"macire-2876c7d2e4fc4b14","Farmate 15L Original Knapsack Sprayer","agriculture","agriculture-8","Neutral placeholder displayed; actual product photo pending","Unresolved: confirmed Nyce KES price required; Request Price retained",,"No"
"macire-fc664d47c471c3a8","2″ Big Rain Gun Irrigation Rain Gun Stainless Steel Tripod Type","agriculture","agriculture-9","Neutral placeholder displayed; actual product photo pending","Unresolved: confirmed Nyce KES price required; Request Price retained",,"No"
"macire-6315b5724ff3c4f6","2″ Aico Japan Diesel Water Pump Engine","agriculture","agriculture-9","Neutral placeholder displayed; actual product photo pending","Unresolved: confirmed Nyce KES price required; Request Price retained",,"No"
"macire-1fd02009cbe7d050","2hp 28m 6m³/h Electric Submersible Water Pump Premier","agriculture","agriculture-9","Neutral placeholder displayed; actual product photo pending","Unresolved: confirmed Nyce KES price required; Request Price retained",,"No"
"macire-1d21f9d15927634b","10mm West Twin With Earth Local Cable","electrical","electrical-1","Neutral placeholder displayed; actual product photo pending","Unresolved: confirmed Nyce KES price required; Request Price retained",,"No"
"macire-0a8797fff7e8cb17","25m POWERMATE Extension Reel","electrical","electrical-5","Neutral placeholder displayed; actual product photo pending","Unresolved: confirmed Nyce KES price required; Request Price retained",,"No"
"macire-a190ba2a8c3984c8","93m Doyin AC Borehole Submersible Water Pump","water","water-1","Neutral placeholder displayed; actual product photo pending","Unresolved: confirmed Nyce KES price required; Request Price retained",,"No"
"macire-fbe091f333751629","0.7KVA Lorentz PS2-600 Controller","water","water-5","Neutral placeholder displayed; actual product photo pending","Unresolved: confirmed Nyce KES price required; Request Price retained",,"No"
"macire-36a86978b922dd61","60M Aico Japan 1HP Centrifugal Water Booster Pump AKP80","water","water-7","Neutral placeholder displayed; actual product photo pending","Unresolved: confirmed Nyce KES price required; Request Price retained",,"No"
"macire-7cfcc4c16a67907a","0.32hp 0.25Kw Dayliff DDP 50A Automatic Mini Electric Booster Water Pump","water","water-7","Neutral placeholder displayed; actual product photo pending","Unresolved: confirmed Nyce KES price required; Request Price retained",,"No"
"macire-5c5903a4cab7826b","0.5hp 0.37Kw 35m Dayliff DDP 60 Electric Booster Water Pump High Quality","water","water-7","Neutral placeholder displayed; actual product photo pending","Unresolved: confirmed Nyce KES price required; Request Price retained",,"No"
"macire-0c6d10cfdbc95b38","0.5hp 28m 1.8m³ Electric Booster Peripheral Water Pump Premier QB60","water","water-7","Neutral placeholder displayed; actual product photo pending","Unresolved: confirmed Nyce KES price required; Request Price retained",,"No"
"macire-9388eea52d56284f","1.1kW Aico Japan Swimming Pool Pump","water","water-8","Neutral placeholder displayed; actual product photo pending","Unresolved: confirmed Nyce KES price required; Request Price retained",,"No"
"macire-10ff23cbb69bf8d1","Dayliff Chlorine 65","water","water-9","Neutral placeholder displayed; actual product photo pending","Unresolved: confirmed Nyce KES price required; Request Price retained",,"No"
"macire-714e12f1a6dfb6ef","ATLAS OASIS DP Sanic 100GPD Water Treatment","water","water-9","Neutral placeholder displayed; actual product photo pending","Unresolved: confirmed Nyce KES price required; Request Price retained",,"No"
"macire-32a0e4b493559dbd","450L WASP Concrete Mixer with Diesel Engine Heavy Duty","construction","construction-1","Neutral placeholder displayed; actual product photo pending","Unresolved: confirmed Nyce KES price required; Request Price retained",,"No"
"macire-39e119878713c2a6","CONCRETE MIXER","construction","construction-1","Neutral placeholder displayed; actual product photo pending","Unresolved: confirmed Nyce KES price required; Request Price retained",,"No"
"macire-ceb830889f76e8a7","Poker Vibrator Golf Germany HT-ZB50","construction","construction-1","Neutral placeholder displayed; actual product photo pending","Unresolved: confirmed Nyce KES price required; Request Price retained",,"No"
"macire-22a89f20a82c0551","Aico Japan Petrol Poker Vibrator Complete with 45mm Poker Shaft","construction","construction-1","Neutral placeholder displayed; actual product photo pending","Unresolved: confirmed Nyce KES price required; Request Price retained",,"No"
"macire-77810d6b80734af0","90kg Tolsen Gasoline Plate Compactor 86103","construction","construction-1","Neutral placeholder displayed; actual product photo pending","Unresolved: confirmed Nyce KES price required; Request Price retained",,"No"
"macire-e37ca0f126e60649","Aico Japan Power Trowel with Honda GP160 Engine","construction","construction-2","Neutral placeholder displayed; actual product photo pending","Unresolved: confirmed Nyce KES price required; Request Price retained",,"No"
"macire-1f8dd30504905e8b","Mercury Weldmaster Inverter Welder Evo-300","construction","construction-3","Neutral placeholder displayed; actual product photo pending","Unresolved: confirmed Nyce KES price required; Request Price retained",,"No"
"macire-469f9831d56e1502","Aico Japan MIG-200I Portable HEAVY DUTY MIG Inverter Welder AMPS AC/DC","construction","construction-3","Neutral placeholder displayed; actual product photo pending","Unresolved: confirmed Nyce KES price required; Request Price retained",,"No"
"macire-0498f8924f492f21","300A Aico Japan MMA300 Portable Arc Inverter Welding Machine","construction","construction-3","Neutral placeholder displayed; actual product photo pending","Unresolved: confirmed Nyce KES price required; Request Price retained",,"No"
"macire-f37cd967ae4bf144","Riland MIG 350 Welding Machine","construction","construction-3","Neutral placeholder displayed; actual product photo pending","Unresolved: confirmed Nyce KES price required; Request Price retained",,"No"
"macire-8e40f5fad3f4cca3","Planer Blade 16” for ML393 Woodworking Table Saw Spare","construction","construction-4","Neutral placeholder displayed; actual product photo pending","Unresolved: confirmed Nyce KES price required; Request Price retained",,"No"
"macire-eb6809c0bd80b675","Tolsen Jigsaw 800w Variable Speed","construction","construction-4","Neutral placeholder displayed; actual product photo pending","Unresolved: confirmed Nyce KES price required; Request Price retained",,"No"
"macire-0bc176b2434b6be4","Husqvarna 272 XP Power Saw","construction","construction-4","Neutral placeholder displayed; actual product photo pending","Unresolved: confirmed Nyce KES price required; Request Price retained",,"No"
"macire-cfe600ea9f519667","Lida Woodworking Table Saw","construction","construction-4","Neutral placeholder displayed; actual product photo pending","Unresolved: confirmed Nyce KES price required; Request Price retained",,"No"
"macire-40c76470e51dd01a","Tolsen Industrial 1/2″ Air Impact Wrench","construction","construction-5","Neutral placeholder displayed; actual product photo pending","Unresolved: confirmed Nyce KES price required; Request Price retained",,"No"
"macire-5ad361fa136f86db","MAKITA PW5001C POLISHER STONE(MARBLE/GRANITE) 7” 900W","construction","construction-5","Neutral placeholder displayed; actual product photo pending","Unresolved: confirmed Nyce KES price required; Request Price retained",,"No"
"macire-dc7814819c7c3157","750Watts CAT Impact Drill DX17","construction","construction-5","Neutral placeholder displayed; actual product photo pending","Unresolved: confirmed Nyce KES price required; Request Price retained",,"No"
"macire-71a88ba6f3953afd","0.75kW 1.0HP TOTAL Sewage Submersible Pump Electric AC TWP87506 750w (Dirty Water 8m Head 217L/min)","construction","construction-6","Neutral placeholder displayed; actual product photo pending","Unresolved: confirmed Nyce KES price required; Request Price retained",,"No"
"macire-aacce114f64acfca","2.2kW 3″ TOTAL Sewage Submersible Pump Electric 3hp AC TWP7220026 (633L/min)","construction","construction-6","Neutral placeholder displayed; actual product photo pending","Unresolved: confirmed Nyce KES price required; Request Price retained",,"No"
"macire-e8436bd6951edf79","5hp 10m Sewage Pump Shallow Well Water Pump QXD","construction","construction-6","Neutral placeholder displayed; actual product photo pending","Unresolved: confirmed Nyce KES price required; Request Price retained",,"No"
"macire-693262acd380f7e1","15HP Aico Japan WQD10-130 Sewage Submersible Pump","construction","construction-6","Neutral placeholder displayed; actual product photo pending","Unresolved: confirmed Nyce KES price required; Request Price retained",,"No"
"macire-20221f1266b0ec1b","6 Step Ladder Red Foldable","construction","construction-8","Neutral placeholder displayed; actual product photo pending","Unresolved: confirmed Nyce KES price required; Request Price retained",,"No"
"macire-cced3d55e3e957fd","A’ Type 5 Steps Aluminum Ladder","construction","construction-8","Neutral placeholder displayed; actual product photo pending","Unresolved: confirmed Nyce KES price required; Request Price retained",,"No"
"macire-3105f0120401388c","16″ 3.5hp 123cc Lawn Mower Loncin Germany Brand Hand Push LYS16","construction","construction-10","Neutral placeholder displayed; actual product photo pending","Unresolved: confirmed Nyce KES price required; Request Price retained",,"No"
"macire-01eaabe3eae0dcb3","21-Inch Briggs & Stratton WYS21 Lawn Mower","construction","construction-10","Neutral placeholder displayed; actual product photo pending","Unresolved: confirmed Nyce KES price required; Request Price retained",,"No"
"macire-9dda6dc5c4f30080","16 Inches AICO Japan Manual Lawn Mower AC16MW","construction","construction-10","Neutral placeholder displayed; actual product photo pending","Unresolved: confirmed Nyce KES price required; Request Price retained",,"No"
"macire-68af157c8129c445","6.8kVA Cigma-UK Petrol Generator (5.0kW Rated, Key Start, Trolley & Wheels) 6500AE2","generators","generators-1","Neutral placeholder displayed; actual product photo pending","Unresolved: confirmed Nyce KES price required; Request Price retained",,"No"
"macire-f3fc0e042b443c5d","8.1Kva Pioneer Japan Petrol Generator LT8000EN-6","generators","generators-1","Neutral placeholder displayed; actual product photo pending","Unresolved: confirmed Nyce KES price required; Request Price retained",,"No"
"macire-de7749177e05518e","2.4kW DAICHI DC2500 Petrol Generator","generators","generators-1","Neutral placeholder displayed; actual product photo pending","Unresolved: confirmed Nyce KES price required; Request Price retained",,"No"
"macire-fcc658b486ea6072","1.2kva 4 stroke Aico Japan LT2000CL Petrol Generator","generators","generators-1","Neutral placeholder displayed; actual product photo pending","Unresolved: confirmed Nyce KES price required; Request Price retained",,"No"
"macire-18eaf5e15fb64d12","10.5kw Benford Uk Diesel Silent Genset","generators","generators-2","Neutral placeholder displayed; actual product photo pending","Unresolved: confirmed Nyce KES price required; Request Price retained",,"No"
"macire-6b4e3c6f64c977e5","16.25Kva Hisaki Japan Diesel Generator","generators","generators-2","Neutral placeholder displayed; actual product photo pending","Unresolved: confirmed Nyce KES price required; Request Price retained",,"No"
"macire-03601a07a487a4c3","5kVA Dayliff Open Diesel Generator","generators","generators-2","Neutral placeholder displayed; actual product photo pending","Unresolved: confirmed Nyce KES price required; Request Price retained",,"No"
"macire-af60226328579568","15kva Maybach Diesel Generator","generators","generators-2","Neutral placeholder displayed; actual product photo pending","Unresolved: confirmed Nyce KES price required; Request Price retained",,"No"
"macire-7fa45fb7c970bbd0","10kVA Pulsar Diesel Silent Generator","generators","generators-4","Neutral placeholder displayed; actual product photo pending","Unresolved: confirmed Nyce KES price required; Request Price retained",,"No"
"macire-743e53b8463372ef","Cummins 33kVA C33D5","generators","generators-4","Neutral placeholder displayed; actual product photo pending","Unresolved: confirmed Nyce KES price required; Request Price retained",,"No"
"macire-df574ae6ecee0d83","10.5kVA Maybach 3 Phase Silent Diesel Generator with ATS","generators","generators-5","Neutral placeholder displayed; actual product photo pending","Unresolved: confirmed Nyce KES price required; Request Price retained",,"No"
"macire-33ff3ea966c861e1","15kVA Pyramid Germany Silent Diesel Generator with ATS","generators","generators-5","Neutral placeholder displayed; actual product photo pending","Unresolved: confirmed Nyce KES price required; Request Price retained",,"No"
"macire-3d9cac0197f63239","10.5kVA Maybach Yellow Silent Diesel Generator","generators","generators-5","Neutral placeholder displayed; actual product photo pending","Unresolved: confirmed Nyce KES price required; Request Price retained",,"No"
"macire-e19868a193b066ed","12kVA CIGMA-UK Diesel Silent Generator","generators","generators-5","Neutral placeholder displayed; actual product photo pending","Unresolved: confirmed Nyce KES price required; Request Price retained",,"No"
"macire-fbc807d261b9f880","8.5Kva 1-Phase Premier Silent Diesel Generator w/o ATS","generators","generators-5","Neutral placeholder displayed; actual product photo pending","Unresolved: confirmed Nyce KES price required; Request Price retained",,"No"
"macire-f04a34af25f6733c","12.5Kva Maybach Welding Generator","generators","generators-9","Neutral placeholder displayed; actual product photo pending","Unresolved: confirmed Nyce KES price required; Request Price retained",,"No"
"macire-004f77a3877d246c","7kva Diesel Welding Generator Uk Standard","generators","generators-9","Neutral placeholder displayed; actual product photo pending","Unresolved: confirmed Nyce KES price required; Request Price retained",,"No"
"macire-ad05e72379ef9abc","8kva Diesel Welding Generator Rhino Japan Technology","generators","generators-9","Neutral placeholder displayed; actual product photo pending","Unresolved: confirmed Nyce KES price required; Request Price retained",,"No"
