category,subcategory,subcategory_name,product_count,product_id,product_name,evidence,price_type,schema_errors,duplicates,missing_attributes,missing_type_specs,naming,images,unverified,required_type_attributes,status
solar,solar-1,Lithium Starter Solar Kits,1,starter-solar,Starter lithium solar kit,illustrative,quote,,,brand; model; sku; availability (stock),Inverter rating (kW); Battery capacity (kWh); Solar array (panel W x quantity); System voltage (V),,"shared category sprite, no product photo; alt text describes an illustrative visual",specifications,Inverter rating (kW); Battery capacity (kWh); Solar array (panel W x quantity); System voltage (V),ok
solar,solar-2,Lithium Family & Home Solar Kits,1,alps-6kw,ALPS Essential 6 kW solar kit,sourced,fixed,,,sku; availability (stock),Battery capacity (kWh); System voltage (V),,"shared category sprite, no product photo; alt text describes an illustrative visual",,Inverter rating (kW); Battery capacity (kWh); Solar array (panel W x quantity); System voltage (V),ok
solar,solar-3,Lithium Premium Home & Business Kits,1,srne-home,SRNE 10 kW lithium solar system,sourced,quote,,,model; sku; availability (stock),System voltage (V),,"shared category sprite, no product photo; alt text describes an illustrative visual",,Inverter rating (kW); Battery capacity (kWh); Solar array (panel W x quantity); System voltage (V),ok
solar,solar-4,Lithium Commercial & Industrial Solar,1,commercial-solar,Commercial lithium solar package,illustrative,quote,,,brand; model; sku; availability (stock),Inverter rating (kW); Battery capacity (kWh); Solar array (panel W x quantity); System voltage (V),,"shared category sprite, no product photo; alt text describes an illustrative visual",specifications,Inverter rating (kW); Battery capacity (kWh); Solar array (panel W x quantity); System voltage (V),ok
solar,solar-5,Hybrid Solar Inverters,1,must-inverter,MUST 5.5 kW hybrid inverter,sourced,quote,,,model; sku; availability (stock),Phase,,"shared category sprite, no product photo; alt text describes an illustrative visual",,Rated power (kW); Battery voltage (V); MPPT / PV input; Phase,ok
solar,solar-6,Lithium Batteries,1,srne-battery,SRNE 2.56 kWh lithium battery,sourced,fixed,,,model; sku; availability (stock),Nominal voltage (V); Chemistry; Cycle life,,"shared category sprite, no product photo; alt text describes an illustrative visual",,Capacity (kWh); Nominal voltage (V); Chemistry; Cycle life,ok
solar,solar-7,Solar DC Borehole Pumps,1,doyin-solar-pump,Doyin 1.5 HP solar borehole pump kit,sourced,quote,,,sku; availability (stock),Power supply (V / phase / DC); Outlet size,internal wording in description,"shared category sprite, no product photo; alt text describes an illustrative visual",,Motor power (kW / HP); Maximum head (m); Maximum flow (m3/h); Power supply (V / phase / DC); Outlet size,ok
solar,solar-8,Solar Water Heaters,1,solar-heater,Seven Stars 300 L solar water heater,sourced,quote,,,model; sku; availability (stock),Collector type; Pressure type,,"shared category sprite, no product photo; alt text describes an illustrative visual",,Tank capacity (L); Collector type; Pressure type,ok
solar,solar-9,Solar Accessories,1,solar-connectors,Solar cable connector pair,illustrative,fixed,,,brand; model; sku; availability (stock),,internal wording in description,"shared category sprite, no product photo; alt text describes an illustrative visual",specifications; price (product identity unverified),Accessory type; Rating / compatibility,ok
solar,solar-10,Solar Pumping Inverter,1,pump-inverter,Solar pumping inverter,illustrative,quote,,,brand; model; sku; availability (stock),Input voltage range (V); Output phase,internal wording in description,"shared category sprite, no product photo; alt text describes an illustrative visual",specifications,Rated power (kW); Input voltage range (V); Output phase,ok
agriculture,agriculture-1,Irrigation Water Kits,1,irrigation-kit,Drip irrigation starter kit,illustrative,quote,,,brand; model; sku; availability (stock),Coverage area; Pipe / emitter size,,"shared category sprite, no product photo; alt text describes an illustrative visual",specifications,Irrigation type; Coverage area; Pipe / emitter size; Water source / pressure,ok
agriculture,agriculture-2,Walking Tractor,1,jiadi-tractor,JIADI 10 HP walking diesel tractor,sourced,quote,,,sku; availability (stock),Starting method; Cooling,internal wording in description,"shared category sprite, no product photo; alt text describes an illustrative visual",,Engine power (HP); Fuel; Starting method; Cooling,ok
agriculture,agriculture-3,Bee Keeping Equipment,1,beehive,Timber beehive with frames,illustrative,quote,,,brand; model; sku; availability (stock),Hive type,internal wording in description,"shared category sprite, no product photo; alt text describes an illustrative visual",specifications,Hive type; Material; Frames,ok
agriculture,agriculture-4,Incubators,1,incubator,Automatic egg incubator,illustrative,quote,,,brand; model; sku; availability (stock),,,"shared category sprite, no product photo; alt text describes an illustrative visual",specifications,Egg capacity; Turning; Power supply,ok
agriculture,agriculture-5,Posho Mill,1,posho-mill,Maize milling machine,illustrative,quote,,,brand; model; sku; availability (stock),Motor / engine power,internal wording in description,"shared category sprite, no product photo; alt text describes an illustrative visual",specifications,Throughput (kg/h); Power source; Motor / engine power,ok
agriculture,agriculture-6,Irrigation Pipes,1,irrigation-pipe,Irrigation HDPE pipe coil,illustrative,quote,,,brand; model; sku; availability (stock),Length (m),,"shared category sprite, no product photo; alt text describes an illustrative visual",specifications,Diameter (mm); Pressure class; Length (m); Material,ok
agriculture,agriculture-7,Agricultural Diesel Engines,1,diesel-engine,Agricultural diesel engine,illustrative,quote,,,brand; model; sku; availability (stock),Engine power (HP); Starting method; Cooling,internal wording in description,"shared category sprite, no product photo; alt text describes an illustrative visual",specifications,Engine power (HP); Fuel; Starting method; Cooling,ok
agriculture,agriculture-8,Knapsack Sprayers,1,sprayer,Manual knapsack sprayer · 16 L example,illustrative,fixed,,,brand; model; sku; availability (stock),,internal wording in name; internal wording in description,"shared category sprite, no product photo; alt text describes an illustrative visual",specifications; price (product identity unverified),Tank capacity (L); Operation,ok
agriculture,agriculture-9,Farm Irrigation Equipment,1,irrigation-kit,Drip irrigation starter kit,illustrative,quote,,,brand; model; sku; availability (stock),Coverage area; Pipe / emitter size,,"shared category sprite, no product photo; alt text describes an illustrative visual",specifications,Irrigation type; Coverage area; Pipe / emitter size; Water source / pressure,ok
electrical,electrical-1,Electrical Cables,1,single-core,Single-core cable · 2.5 mm² example,illustrative,fixed,,,brand; model; sku; availability (stock),Conductor material,internal wording in name; internal wording in description,"shared category sprite, no product photo; alt text describes an illustrative visual",specifications; price (product identity unverified),Cross-section (mm2); Core count; Conductor material; Length / sale unit,ok
electrical,electrical-2,Switches & Sockets,1,wall-socket,Switched double wall socket,illustrative,fixed,,,brand; model; sku; availability (stock),Gangs / poles,internal wording in description,"shared category sprite, no product photo; alt text describes an illustrative visual",specifications; price (product identity unverified),Electrical rating (A); Gangs / poles; Finish / mounting,ok
electrical,electrical-3,Changeover Switches,1,changeover,Manual changeover switch,illustrative,quote,,,brand; model; sku; availability (stock),Rating (A),,"shared category sprite, no product photo; alt text describes an illustrative visual",specifications,Rating (A); Poles; Operation (manual / automatic),ok
electrical,electrical-4,Single Core Cables,1,single-core,Single-core cable · 2.5 mm² example,illustrative,fixed,,,brand; model; sku; availability (stock),Conductor material,internal wording in name; internal wording in description,"shared category sprite, no product photo; alt text describes an illustrative visual",specifications; price (product identity unverified),Cross-section (mm2); Core count; Conductor material; Length / sale unit,ok
electrical,electrical-5,Extension Cords,0,,,,,,,,,,,,Outlets; Rating (A); Cable length (m); Surge protection,EMPTY - needs products
electrical,electrical-6,Voltage Stabilizers,1,voltage-stabilizer,Automatic voltage stabilizer,illustrative,quote,,,brand; model; sku; availability (stock),Input voltage range (V); Phase,internal wording in description,"shared category sprite, no product photo; alt text describes an illustrative visual",specifications,Capacity (kVA); Input voltage range (V); Phase,ok
electrical,electrical-7,Panel Boxes,1,panel-box,Metal electrical panel enclosure,illustrative,quote,,,brand; model; sku; availability (stock),Ways; Rating (A); Mounting,internal wording in description,"shared category sprite, no product photo; alt text describes an illustrative visual",specifications,Ways; Rating (A); Mounting; Enclosure material,ok
electrical,electrical-8,Power Strips & Surge Protectors,0,,,,,,,,,,,,Outlets; Rating (A); Cable length (m); Surge protection,EMPTY - needs products
electrical,electrical-9,Twin & Earth Cables,1,twin-earth,Twin & earth cable,illustrative,quote,,,brand; model; sku; availability (stock),Core count; Conductor material,internal wording in description,"shared category sprite, no product photo; alt text describes an illustrative visual",specifications,Cross-section (mm2); Core count; Conductor material; Length / sale unit,ok
electrical,electrical-10,Distribution Boards,1,distribution-board,Distribution board · 8-way example,illustrative,quote,,,brand; model; sku; availability (stock),Rating (A); Enclosure material,internal wording in name; internal wording in description,"shared category sprite, no product photo; alt text describes an illustrative visual",specifications,Ways; Rating (A); Mounting; Enclosure material,ok
water,water-1,Electric Borehole Pumps,1,electric-borehole,Electric submersible borehole pump,illustrative,quote,,,brand; model; sku; availability (stock),Motor power (kW / HP); Power supply (V / phase / DC); Outlet size,internal wording in description,"shared category sprite, no product photo; alt text describes an illustrative visual",specifications,Motor power (kW / HP); Maximum head (m); Maximum flow (m3/h); Power supply (V / phase / DC); Outlet size,ok
water,water-3,AC DC Borehole Pumps,1,hybrid-borehole,Doyin 1.5 kW AC/DC borehole pump,sourced,quote,,,sku; availability (stock),Power supply (V / phase / DC); Outlet size,internal wording in description,"shared category sprite, no product photo; alt text describes an illustrative visual",,Motor power (kW / HP); Maximum head (m); Maximum flow (m3/h); Power supply (V / phase / DC); Outlet size,ok
water,water-4,Borehole Cables & Accessories,1,borehole-cable,Submersible pump cable,illustrative,quote,,,brand; model; sku; availability (stock),Cross-section (mm2); Conductor material,internal wording in description,"shared category sprite, no product photo; alt text describes an illustrative visual",specifications,Cross-section (mm2); Core count; Conductor material; Length / sale unit,ok
water,water-5,Automatic Pump Control Switch,1,pump-control,Automatic pump control switch,illustrative,quote,,,brand; model; sku; availability (stock),Rating; Supply,internal wording in description,"shared category sprite, no product photo; alt text describes an illustrative visual",specifications,Function; Rating; Supply,ok
water,water-6,Borehole Pumps Systems,1,doyin-solar-pump,Doyin 1.5 HP solar borehole pump kit,sourced,quote,,,sku; availability (stock),Power supply (V / phase / DC); Outlet size,internal wording in description,"shared category sprite, no product photo; alt text describes an illustrative visual",,Motor power (kW / HP); Maximum head (m); Maximum flow (m3/h); Power supply (V / phase / DC); Outlet size,ok
water,water-7,Booster Centrifugal Water Pumps,1,booster-pump,Pedrollo 0.5 HP booster pump,sourced,quote,,,model; sku; availability (stock),Maximum head (m); Maximum flow (m3/h); Power supply (V / phase / DC); Outlet size,internal wording in description,"shared category sprite, no product photo; alt text describes an illustrative visual",,Motor power (kW / HP); Maximum head (m); Maximum flow (m3/h); Power supply (V / phase / DC); Outlet size,ok
water,water-8,Swimming Pools Pumps & Accessories,1,pool-pump,Swimming pool circulation pump,illustrative,quote,,,brand; model; sku; availability (stock),Motor power (kW / HP); Maximum head (m); Maximum flow (m3/h); Power supply (V / phase / DC); Outlet size,internal wording in description,"shared category sprite, no product photo; alt text describes an illustrative visual",specifications,Motor power (kW / HP); Maximum head (m); Maximum flow (m3/h); Power supply (V / phase / DC); Outlet size,ok
water,water-9,Water Treatment,1,water-filter,Water filtration housing set,illustrative,quote,,,brand; model; sku; availability (stock),Flow rate; Connection size,internal wording in description,"shared category sprite, no product photo; alt text describes an illustrative visual",specifications,Treatment type; Flow rate; Connection size,ok
water,water-10,Water & Irrigation Equipment,1,irrigation-kit,Drip irrigation starter kit,illustrative,quote,,,brand; model; sku; availability (stock),Coverage area; Pipe / emitter size,,"shared category sprite, no product photo; alt text describes an illustrative visual",specifications,Irrigation type; Coverage area; Pipe / emitter size; Water source / pressure,ok
construction,construction-1,Building Equipment,1,tolsen-hoist,Tolsen electric hoist · 0.5 tonne,sourced,fixed,,,sku; availability (stock),Capacity / load; Power source; Motor / engine power,internal wording in description,"shared category sprite, no product photo; alt text describes an illustrative visual",,Capacity / load; Power source; Motor / engine power,ok
construction,construction-2,Construction Machinery,1,concrete-mixer,Site concrete mixer,illustrative,quote,,,brand; model; sku; availability (stock),Capacity / load; Motor / engine power,internal wording in description,"shared category sprite, no product photo; alt text describes an illustrative visual",specifications,Capacity / load; Power source; Motor / engine power,ok
construction,construction-3,Welding Machines & Accessories,2,lenhard-welder,Lenhard MM-300 inverter welder,sourced,fixed,,,sku; availability (stock),Output current (A); Input voltage (V); Duty cycle,internal wording in description,"shared category sprite, no product photo; alt text describes an illustrative visual",,Output current (A); Input voltage (V); Duty cycle,ok
construction,construction-3,Welding Machines & Accessories,2,tlac-welding,TLAC 220 A diesel welding generator,sourced,quote,,,sku; availability (stock),Output current (A); Input voltage (V); Duty cycle,internal wording in description,"shared category sprite, no product photo; alt text describes an illustrative visual",,Output current (A); Input voltage (V); Duty cycle,ok
construction,construction-4,Wood Working & Carpentry,1,circular-saw,Workshop circular saw,illustrative,quote,,,brand; model; sku; availability (stock),Power (W) / battery (V); Tool type,internal wording in description,"shared category sprite, no product photo; alt text describes an illustrative visual",specifications,Power (W) / battery (V); Tool type; Chuck / blade size,ok
construction,construction-5,Power & Hand Tools,1,cordless-drill,Cordless drill & driver kit,illustrative,fixed,,,brand; model; sku; availability (stock),Tool type; Chuck / blade size,internal wording in description,"shared category sprite, no product photo; alt text describes an illustrative visual",specifications; price (product identity unverified),Power (W) / battery (V); Tool type; Chuck / blade size,ok
construction,construction-6,Plumbing & Sewage Pumps,1,sewage-pump,Submersible drainage & sewage pump,illustrative,quote,,,brand; model; sku; availability (stock),Motor power (kW / HP); Power supply (V / phase / DC); Outlet size,internal wording in description,"shared category sprite, no product photo; alt text describes an illustrative visual",specifications,Motor power (kW / HP); Maximum head (m); Maximum flow (m3/h); Power supply (V / phase / DC); Outlet size,ok
construction,construction-7,Security,1,security-camera,Outdoor security camera,illustrative,quote,,,brand; model; sku; availability (stock),Resolution; Power supply,internal wording in description,"shared category sprite, no product photo; alt text describes an illustrative visual",specifications,Resolution; Power supply; Connectivity,ok
construction,construction-8,Ladders,1,ladder,Aluminium step ladder,illustrative,quote,,,brand; model; sku; availability (stock),Working height / steps,internal wording in description,"shared category sprite, no product photo; alt text describes an illustrative visual",specifications,Working height / steps; Material; Load rating (kg),ok
construction,construction-9,Fire Safety Equipment,1,extinguisher,Portable fire extinguisher,illustrative,quote,,,brand; model; sku; availability (stock),Capacity (kg / L); Fire classes,internal wording in description,"shared category sprite, no product photo; alt text describes an illustrative visual",specifications,Extinguishing agent; Capacity (kg / L); Fire classes,ok
construction,construction-10,Gardening & Lawn Mowers,1,lawn-mower,Petrol walk-behind lawn mower,illustrative,quote,,,brand; model; sku; availability (stock),Engine power,internal wording in description,"shared category sprite, no product photo; alt text describes an illustrative visual",specifications,Engine power; Cutting width; Fuel,ok
generators,generators-1,Petrol Generators,1,petrol-generator,Portable petrol generator,illustrative,quote,,,brand; model; sku; availability (stock),Phase; Fuel tank (L),internal wording in description,"shared category sprite, no product photo; alt text describes an illustrative visual",specifications,Rated output (kVA / kW); Fuel; Phase; Starting method; Fuel tank (L),ok
generators,generators-2,Diesel Generators,1,hisaki-generator,Hisaki 8.75 kVA diesel generator,sourced,fixed,,,sku; availability (stock),Starting method; Fuel tank (L),internal wording in description,"shared category sprite, no product photo; alt text describes an illustrative visual",,Rated output (kVA / kW); Fuel; Phase; Starting method; Fuel tank (L),ok
generators,generators-3,Single Phase Diesel Generators,1,hisaki-generator,Hisaki 8.75 kVA diesel generator,sourced,fixed,,,sku; availability (stock),Starting method; Fuel tank (L),internal wording in description,"shared category sprite, no product photo; alt text describes an illustrative visual",,Rated output (kVA / kW); Fuel; Phase; Starting method; Fuel tank (L),ok
generators,generators-4,Three Phase Diesel Generators,1,pulsar-generator,Pulsar 41 kVA diesel generator,sourced,quote,,,sku; availability (stock),Starting method; Fuel tank (L),internal wording in description,"shared category sprite, no product photo; alt text describes an illustrative visual",,Rated output (kVA / kW); Fuel; Phase; Starting method; Fuel tank (L),ok
generators,generators-5,Silent Canopy Generators,1,hisaki-generator,Hisaki 8.75 kVA diesel generator,sourced,fixed,,,sku; availability (stock),Starting method; Fuel tank (L),internal wording in description,"shared category sprite, no product photo; alt text describes an illustrative visual",,Rated output (kVA / kW); Fuel; Phase; Starting method; Fuel tank (L),ok
generators,generators-6,Industrial Water Cooled Generators,1,pulsar-generator,Pulsar 41 kVA diesel generator,sourced,quote,,,sku; availability (stock),Starting method; Fuel tank (L),internal wording in description,"shared category sprite, no product photo; alt text describes an illustrative visual",,Rated output (kVA / kW); Fuel; Phase; Starting method; Fuel tank (L),ok
generators,generators-7,Alternators,1,alternator,Generator alternator,illustrative,quote,,,brand; model; sku; availability (stock),Rated output (kVA); Phase; Voltage (V),internal wording in description,"shared category sprite, no product photo; alt text describes an illustrative visual",specifications,Rated output (kVA); Phase; Voltage (V),ok
generators,generators-8,Biogas LPG Generators,1,lpg-generator,Gas-fuelled generator,illustrative,quote,,,brand; model; sku; availability (stock),Rated output (kVA / kW); Phase; Starting method; Fuel tank (L),internal wording in description,"shared category sprite, no product photo; alt text describes an illustrative visual",specifications,Rated output (kVA / kW); Fuel; Phase; Starting method; Fuel tank (L),ok
generators,generators-9,Diesel Welding Generators,1,tlac-welding,TLAC 220 A diesel welding generator,sourced,quote,,,sku; availability (stock),Rated output (kVA); Welding current (A),internal wording in description,"shared category sprite, no product photo; alt text describes an illustrative visual",,Rated output (kVA); Welding current (A); Fuel,ok
generators,generators-10,Home Backup Generators,1,hisaki-generator,Hisaki 8.75 kVA diesel generator,sourced,fixed,,,sku; availability (stock),Starting method; Fuel tank (L),internal wording in description,"shared category sprite, no product photo; alt text describes an illustrative visual",,Rated output (kVA / kW); Fuel; Phase; Starting method; Fuel tank (L),ok
