"product_id","source_product_name","brand_claim","model_claim","research_url","review_date","image_source_url","rights_holder","licence_reference","licensing_status","identity_status","outcome","fallback","proposed_thumbnail","proposed_card_image","proposed_display_image","proposed_alt","required_confirmation"
"macire-5feb147d94b109c9","2kW Felicity Lithium Deluxe Family Solar Kit (24V) – Complete Home Solar Power System","Felicity",,"https://macire.co.ke/product/2kw-felicity-lithium-solar-family-kit-24v-inverter-battery-panels/","2026-10-10","","","","7 image(s) hosted by Macire; rights not cleared - do not reuse","Brand/model incomplete; confirm identity before selecting photo","Blocked - no authorized product image available","assets/images/placeholder.svg (neutral; not a product photograph)","assets/images/products/felicity-unknown-model-macire-5feb147d94b109c9-320.webp","assets/images/products/felicity-unknown-model-macire-5feb147d94b109c9-640.webp","assets/images/products/felicity-unknown-model-macire-5feb147d94b109c9-1200.webp","Product image unavailable","Exact model/package match; rights grant for Nyce ecommerce; transformations and attribution; authorized original file"
"macire-ed22563493a8039d","5.5Kw Seven Stars Lithium Solar Kit – 5500w 48v – Affordable & Reliable","Seven SS Stars",,"https://macire.co.ke/product/5-5kw-seven-stars-lithium-solar-kit-5500w-48v-affordable-reliable/","2026-10-10","","","","17 image(s) hosted by Macire; rights not cleared - do not reuse","Brand/model incomplete; confirm identity before selecting photo","Blocked - no authorized product image available","assets/images/placeholder.svg (neutral; not a product photograph)","assets/images/products/seven-ss-stars-unknown-model-macire-ed22563493a8039d-320.webp","assets/images/products/seven-ss-stars-unknown-model-macire-ed22563493a8039d-640.webp","assets/images/products/seven-ss-stars-unknown-model-macire-ed22563493a8039d-1200.webp","Product image unavailable","Exact model/package match; rights grant for Nyce ecommerce; transformations and attribution; authorized original file"
"macire-fa5c03466bc72fba","11kW ALPS Power with 10kWh Storage Solar Kit","AlpSolarr",,"https://macire.co.ke/product/11kw-alps-power-with-10kwh-storage-solar-kit/","2026-10-10","","","","6 image(s) hosted by Macire; rights not cleared - do not reuse","Brand/model incomplete; confirm identity before selecting photo","Blocked - no authorized product image available","assets/images/placeholder.svg (neutral; not a product photograph)","assets/images/products/alpsolarr-unknown-model-macire-fa5c03466bc72fba-320.webp","assets/images/products/alpsolarr-unknown-model-macire-fa5c03466bc72fba-640.webp","assets/images/products/alpsolarr-unknown-model-macire-fa5c03466bc72fba-1200.webp","Product image unavailable","Exact model/package match; rights grant for Nyce ecommerce; transformations and attribution; authorized original file"
"macire-0e86ac139f88528f","6.2kW 48V SVC Lithium Smart Home Solar Kit – 5.12kWh Battery & 6 × 590W Panels","SVC Energy",,"https://macire.co.ke/product/6-2kw-48v-svc-lithium-smart-home-solar-kit-5-12kwh-battery-6-x-590w-panels/","2026-10-10","","","","16 image(s) hosted by Macire; rights not cleared - do not reuse","Brand/model incomplete; confirm identity before selecting photo","Blocked - no authorized product image available","assets/images/placeholder.svg (neutral; not a product photograph)","assets/images/products/svc-energy-unknown-model-macire-0e86ac139f88528f-320.webp","assets/images/products/svc-energy-unknown-model-macire-0e86ac139f88528f-640.webp","assets/images/products/svc-energy-unknown-model-macire-0e86ac139f88528f-1200.webp","Product image unavailable","Exact model/package match; rights grant for Nyce ecommerce; transformations and attribution; authorized original file"
"macire-aeea5c22f3ebffb9","1.5kVA MUST VPM High-Frequency Inverter – 12V, 60A, 160VDC","Must",,"https://macire.co.ke/product/1-5kva-must-vpm-high-frequency-inverter-12v-60a-160vdc/","2026-10-10","","","","11 image(s) hosted by Macire; rights not cleared - do not reuse","Brand/model incomplete; confirm identity before selecting photo","Blocked - no authorized product image available","assets/images/placeholder.svg (neutral; not a product photograph)","assets/images/products/must-unknown-model-macire-aeea5c22f3ebffb9-320.webp","assets/images/products/must-unknown-model-macire-aeea5c22f3ebffb9-640.webp","assets/images/products/must-unknown-model-macire-aeea5c22f3ebffb9-1200.webp","Product image unavailable","Exact model/package match; rights grant for Nyce ecommerce; transformations and attribution; authorized original file"
"macire-9ba8db28754fc1c1","Must 2.5Kw 2500Watts 24V PV1800 VPM Hybrid Offgrid Inverter",,"PV18-2524 VM","https://macire.co.ke/product/must-2-5kw-2500watts-24v-pv1800-vpm-hybrid-offgrid-inverter/","2026-10-10","","","","5 image(s) hosted by Macire; rights not cleared - do not reuse","Brand/model incomplete; confirm identity before selecting photo","Blocked - no authorized product image available","assets/images/placeholder.svg (neutral; not a product photograph)","assets/images/products/unknown-brand-pv18-2524-vm-macire-9ba8db28754fc1c1-320.webp","assets/images/products/unknown-brand-pv18-2524-vm-macire-9ba8db28754fc1c1-640.webp","assets/images/products/unknown-brand-pv18-2524-vm-macire-9ba8db28754fc1c1-1200.webp","Product image unavailable","Exact model/package match; rights grant for Nyce ecommerce; transformations and attribution; authorized original file"
"macire-aa0e0d783bb89ee6","4kw 24v SVC Off-grid Solar Inverter – 4000w 100A MPPT – Intuitive LCD Display","SVC Energy",,"https://macire.co.ke/product/4kw-24v-svc-off-grid-solar-inverter-4000w-100a-mppt-intuitive-lcd-display/","2026-10-10","","","","5 image(s) hosted by Macire; rights not cleared - do not reuse","Brand/model incomplete; confirm identity before selecting photo","Blocked - no authorized product image available","assets/images/placeholder.svg (neutral; not a product photograph)","assets/images/products/svc-energy-unknown-model-macire-aa0e0d783bb89ee6-320.webp","assets/images/products/svc-energy-unknown-model-macire-aa0e0d783bb89ee6-640.webp","assets/images/products/svc-energy-unknown-model-macire-aa0e0d783bb89ee6-1200.webp","Product image unavailable","Exact model/package match; rights grant for Nyce ecommerce; transformations and attribution; authorized original file"
"macire-467da55be5974657","200Ah Platinum LiFePO₄ Lithium Battery 12.8V – High-Capacity Deep Cycle Solar Battery","Platinum",,"https://macire.co.ke/product/200ah-platinum-lifepo%e2%82%84-lithium-battery-12-8v-high-capacity-deep-cycle-solar-battery/","2026-10-10","","","","5 image(s) hosted by Macire; rights not cleared - do not reuse","Brand/model incomplete; confirm identity before selecting photo","Blocked - no authorized product image available","assets/images/placeholder.svg (neutral; not a product photograph)","assets/images/products/platinum-unknown-model-macire-467da55be5974657-320.webp","assets/images/products/platinum-unknown-model-macire-467da55be5974657-640.webp","assets/images/products/platinum-unknown-model-macire-467da55be5974657-1200.webp","Product image unavailable","Exact model/package match; rights grant for Nyce ecommerce; transformations and attribution; authorized original file"
"macire-6acb386c924abe8e","2.56kWh Felicity FLA12200PG2 12V 200Ah Grade A Battery","Felicity","FLA12200PG2","https://macire.co.ke/product/2-56kwh-felicity-fla12200pg2-12v-200ah-grade-a-battery/","2026-10-10","","","","5 image(s) hosted by Macire; rights not cleared - do not reuse","Retailer brand/model claim; exact photo match not verified","Blocked - no authorized product image available","assets/images/placeholder.svg (neutral; not a product photograph)","assets/images/products/felicity-fla12200pg2-macire-6acb386c924abe8e-320.webp","assets/images/products/felicity-fla12200pg2-macire-6acb386c924abe8e-640.webp","assets/images/products/felicity-fla12200pg2-macire-6acb386c924abe8e-1200.webp","Felicity FLA12200PG2 - product view (identity verification pending)","Exact model/package match; rights grant for Nyce ecommerce; transformations and attribution; authorized original file"
"macire-2fdc94310df43916","200Ah Yachu 12.8V Lithium Battery – LiFePO₄, Built-in BMS, Deep Cycle","Yachu",,"https://macire.co.ke/product/200ah-yachu-12-8v-lithium-battery-lifepo%e2%82%84-built-in-bms-deep-cycle/","2026-10-10","","","","4 image(s) hosted by Macire; rights not cleared - do not reuse","Brand/model incomplete; confirm identity before selecting photo","Blocked - no authorized product image available","assets/images/placeholder.svg (neutral; not a product photograph)","assets/images/products/yachu-unknown-model-macire-2fdc94310df43916-320.webp","assets/images/products/yachu-unknown-model-macire-2fdc94310df43916-640.webp","assets/images/products/yachu-unknown-model-macire-2fdc94310df43916-1200.webp","Product image unavailable","Exact model/package match; rights grant for Nyce ecommerce; transformations and attribution; authorized original file"
"macire-d8b4138bdced3923","Lithium Battery 12v 150ah Lifepo4 Battery Pack","Macire",,"https://macire.co.ke/product/lithium-battery-12v-150ah-lifepo4-battery-pack/","2026-10-10","","","","3 image(s) hosted by Macire; rights not cleared - do not reuse","Brand/model incomplete; confirm identity before selecting photo","Blocked - no authorized product image available","assets/images/placeholder.svg (neutral; not a product photograph)","assets/images/products/macire-unknown-model-macire-d8b4138bdced3923-320.webp","assets/images/products/macire-unknown-model-macire-d8b4138bdced3923-640.webp","assets/images/products/macire-unknown-model-macire-d8b4138bdced3923-1200.webp","Product image unavailable","Exact model/package match; rights grant for Nyce ecommerce; transformations and attribution; authorized original file"
"macire-8c8f4fe27c352c2f","50m 1500L/h 24v Premier Solar DC Water Pump Deep Well JZDC3S24-250 with 250watts Panel","Premier",,"https://macire.co.ke/product/60m-1500l-h-24v-premier-solar-dc-water-pump-deep-well-jzdc3s24-250-with-250watts-panel/","2026-10-10","","","","7 image(s) hosted by Macire; rights not cleared - do not reuse","Brand/model incomplete; confirm identity before selecting photo","Blocked - no authorized product image available","assets/images/placeholder.svg (neutral; not a product photograph)","assets/images/products/premier-unknown-model-macire-8c8f4fe27c352c2f-320.webp","assets/images/products/premier-unknown-model-macire-8c8f4fe27c352c2f-640.webp","assets/images/products/premier-unknown-model-macire-8c8f4fe27c352c2f-1200.webp","Product image unavailable","Exact model/package match; rights grant for Nyce ecommerce; transformations and attribution; authorized original file"
"macire-b7b89b8d827fc1d0","60M Premier DC Solar Submersible Pump – 250W 24V","Premier",,"https://macire.co.ke/product/60m-premier-dc-solar-submersible-pump-250w-24v/","2026-10-10","","","","7 image(s) hosted by Macire; rights not cleared - do not reuse","Brand/model incomplete; confirm identity before selecting photo","Blocked - no authorized product image available","assets/images/placeholder.svg (neutral; not a product photograph)","assets/images/products/premier-unknown-model-macire-b7b89b8d827fc1d0-320.webp","assets/images/products/premier-unknown-model-macire-b7b89b8d827fc1d0-640.webp","assets/images/products/premier-unknown-model-macire-b7b89b8d827fc1d0-1200.webp","Product image unavailable","Exact model/package match; rights grant for Nyce ecommerce; transformations and attribution; authorized original file"
"macire-b239d146f89e4414","1.25″ Shiyuan 2.2kW Hybrid AC/DC Submersible Deep Well Pump – 160m Head, 6.5m³/h, Brushless with Controller","Shiyuan",,"https://macire.co.ke/product/160m-2-2kw-solar-borehole-pump-6-5m3-h-shiyuan-280v-1-25-submersible-deep-well-pump/","2026-10-10","","","","16 image(s) hosted by Macire; rights not cleared - do not reuse","Brand/model incomplete; confirm identity before selecting photo","Blocked - no authorized product image available","assets/images/placeholder.svg (neutral; not a product photograph)","assets/images/products/shiyuan-unknown-model-macire-b239d146f89e4414-320.webp","assets/images/products/shiyuan-unknown-model-macire-b239d146f89e4414-640.webp","assets/images/products/shiyuan-unknown-model-macire-b239d146f89e4414-1200.webp","Product image unavailable","Exact model/package match; rights grant for Nyce ecommerce; transformations and attribution; authorized original file"
"macire-6980550400e3a1fd","56m 6000L/Hr 4″ Solar Water Pump Kit with Panels 4DPC6-56-48-750 DC 48V 750W Submersible Borehole Deep Well pump with Mppt Controller Trunsun","Trunsun","Voltage","https://macire.co.ke/product/56m-6000l-hr-4-solar-water-pump-kit-with-panels-4dpc6-56-48-750-dc-48v-750w-submersible-borehole-deep-well-pump-with-mppt-controller-trunsun/","2026-10-10","","","","13 image(s) hosted by Macire; rights not cleared - do not reuse","Retailer brand/model claim; exact photo match not verified","Blocked - no authorized product image available","assets/images/placeholder.svg (neutral; not a product photograph)","assets/images/products/trunsun-voltage-macire-6980550400e3a1fd-320.webp","assets/images/products/trunsun-voltage-macire-6980550400e3a1fd-640.webp","assets/images/products/trunsun-voltage-macire-6980550400e3a1fd-1200.webp","Trunsun Voltage - product view (identity verification pending)","Exact model/package match; rights grant for Nyce ecommerce; transformations and attribution; authorized original file"
"macire-08da9355b0ebddca","3Kw 7m³ 220m Doyin DC AC/DC Hybrid Borehole Submersible Water Pump – 4SDS7 3000w 4hp 7000L/h","Doyin",,"https://macire.co.ke/product/3kw-7m%c2%b3-220m-doyin-dc-ac-dc-hybrid-borehole-submersible-water-pump-4sds7-3000w-4hp-7000l-h/","2026-10-10","","","","14 image(s) hosted by Macire; rights not cleared - do not reuse","Brand/model incomplete; confirm identity before selecting photo","Blocked - no authorized product image available","assets/images/placeholder.svg (neutral; not a product photograph)","assets/images/products/doyin-unknown-model-macire-08da9355b0ebddca-320.webp","assets/images/products/doyin-unknown-model-macire-08da9355b0ebddca-640.webp","assets/images/products/doyin-unknown-model-macire-08da9355b0ebddca-1200.webp","Product image unavailable","Exact model/package match; rights grant for Nyce ecommerce; transformations and attribution; authorized original file"
"macire-1065cd36afab46d9","200L Aquasun Non-Pressurised Solar Water Heater","Aquasun",,"https://macire.co.ke/product/200l-aquasun-non-pressurised-solar-water-heater/","2026-10-10","","","","8 image(s) hosted by Macire; rights not cleared - do not reuse","Brand/model incomplete; confirm identity before selecting photo","Blocked - no authorized product image available","assets/images/placeholder.svg (neutral; not a product photograph)","assets/images/products/aquasun-unknown-model-macire-1065cd36afab46d9-320.webp","assets/images/products/aquasun-unknown-model-macire-1065cd36afab46d9-640.webp","assets/images/products/aquasun-unknown-model-macire-1065cd36afab46d9-1200.webp","Product image unavailable","Exact model/package match; rights grant for Nyce ecommerce; transformations and attribution; authorized original file"
"macire-698a26450c916d1c","Suntree Pv cable 10.0mm2","Suntree",,"https://macire.co.ke/product/suntree-pv-cable-10-0mm2/","2026-10-10","","","","1 image(s) hosted by Macire; rights not cleared - do not reuse","Brand/model incomplete; confirm identity before selecting photo","Blocked - no authorized product image available","assets/images/placeholder.svg (neutral; not a product photograph)","assets/images/products/suntree-unknown-model-macire-698a26450c916d1c-320.webp","assets/images/products/suntree-unknown-model-macire-698a26450c916d1c-640.webp","assets/images/products/suntree-unknown-model-macire-698a26450c916d1c-1200.webp","Product image unavailable","Exact model/package match; rights grant for Nyce ecommerce; transformations and attribution; authorized original file"
"macire-e6db74216d57fc61","Suntree Mc4 Connector","Suntree",,"https://macire.co.ke/product/suntree-mc4-connector/","2026-10-10","","","","4 image(s) hosted by Macire; rights not cleared - do not reuse","Brand/model incomplete; confirm identity before selecting photo","Blocked - no authorized product image available","assets/images/placeholder.svg (neutral; not a product photograph)","assets/images/products/suntree-unknown-model-macire-e6db74216d57fc61-320.webp","assets/images/products/suntree-unknown-model-macire-e6db74216d57fc61-640.webp","assets/images/products/suntree-unknown-model-macire-e6db74216d57fc61-1200.webp","Product image unavailable","Exact model/package match; rights grant for Nyce ecommerce; transformations and attribution; authorized original file"
"macire-907e6f513883a74d","6mm Pv Solar Cable – Pure Copper","Suntree",,"https://macire.co.ke/product/6mm-pv-solar-cable-pure-copper/","2026-10-10","","","","4 image(s) hosted by Macire; rights not cleared - do not reuse","Brand/model incomplete; confirm identity before selecting photo","Blocked - no authorized product image available","assets/images/placeholder.svg (neutral; not a product photograph)","assets/images/products/suntree-unknown-model-macire-907e6f513883a74d-320.webp","assets/images/products/suntree-unknown-model-macire-907e6f513883a74d-640.webp","assets/images/products/suntree-unknown-model-macire-907e6f513883a74d-1200.webp","Product image unavailable","Exact model/package match; rights grant for Nyce ecommerce; transformations and attribution; authorized original file"
"macire-037c3c86554b7e52","6mm Suntree Pv Solar Cable","Suntree",,"https://macire.co.ke/product/6mm-suntree-pv-solar-cable/","2026-10-10","","","","4 image(s) hosted by Macire; rights not cleared - do not reuse","Brand/model incomplete; confirm identity before selecting photo","Blocked - no authorized product image available","assets/images/placeholder.svg (neutral; not a product photograph)","assets/images/products/suntree-unknown-model-macire-037c3c86554b7e52-320.webp","assets/images/products/suntree-unknown-model-macire-037c3c86554b7e52-640.webp","assets/images/products/suntree-unknown-model-macire-037c3c86554b7e52-1200.webp","Product image unavailable","Exact model/package match; rights grant for Nyce ecommerce; transformations and attribution; authorized original file"
"macire-2cfcb7d30fba8237","Solar MC4 Connector T-Branch 3 to 1 Splitter MMMF + FFFM Pair","Suntree",,"https://macire.co.ke/product/solar-mc4-connector-t-branch-3-to-1-splitter-mmmf-fffm-pair/","2026-10-10","","","","1 image(s) hosted by Macire; rights not cleared - do not reuse","Brand/model incomplete; confirm identity before selecting photo","Blocked - no authorized product image available","assets/images/placeholder.svg (neutral; not a product photograph)","assets/images/products/suntree-unknown-model-macire-2cfcb7d30fba8237-320.webp","assets/images/products/suntree-unknown-model-macire-2cfcb7d30fba8237-640.webp","assets/images/products/suntree-unknown-model-macire-2cfcb7d30fba8237-1200.webp","Product image unavailable","Exact model/package match; rights grant for Nyce ecommerce; transformations and attribution; authorized original file"
"macire-99fc8e689924f3b0","2.2Kw Single Phase Hober Solar Pumping Hybrid Inverter – Advanced MPPT Technology","Hober",,"https://macire.co.ke/product/2-2kw-1ph-hober-solar-pumping-hybrid-inverter-advanced-mppt-technology/","2026-10-10","","","","15 image(s) hosted by Macire; rights not cleared - do not reuse","Brand/model incomplete; confirm identity before selecting photo","Blocked - no authorized product image available","assets/images/placeholder.svg (neutral; not a product photograph)","assets/images/products/hober-unknown-model-macire-99fc8e689924f3b0-320.webp","assets/images/products/hober-unknown-model-macire-99fc8e689924f3b0-640.webp","assets/images/products/hober-unknown-model-macire-99fc8e689924f3b0-1200.webp","Product image unavailable","Exact model/package match; rights grant for Nyce ecommerce; transformations and attribution; authorized original file"
"macire-351ed119541ef20e","Premium Mesh Nylon Beekeeping Suit | Camire UK","Camire UK",,"https://macire.co.ke/product/premium-mesh-nylon-beekeeping-suit-camire-uk/","2026-10-10","","","","7 image(s) hosted by Macire; rights not cleared - do not reuse","Brand/model incomplete; confirm identity before selecting photo","Blocked - no authorized product image available","assets/images/placeholder.svg (neutral; not a product photograph)","assets/images/products/camire-uk-unknown-model-macire-351ed119541ef20e-320.webp","assets/images/products/camire-uk-unknown-model-macire-351ed119541ef20e-640.webp","assets/images/products/camire-uk-unknown-model-macire-351ed119541ef20e-1200.webp","Product image unavailable","Exact model/package match; rights grant for Nyce ecommerce; transformations and attribution; authorized original file"
"macire-d21e05ae2b6637b9","192 Eggs Premier Egg Incubator – Automatic Rolling, High Hatch Rate, Energy Efficient","Premier",,"https://macire.co.ke/product/192-eggs-premier-egg-incubator-automatic-rolling-high-hatch-rate-energy-efficient/","2026-10-10","","","","9 image(s) hosted by Macire; rights not cleared - do not reuse","Brand/model incomplete; confirm identity before selecting photo","Blocked - no authorized product image available","assets/images/placeholder.svg (neutral; not a product photograph)","assets/images/products/premier-unknown-model-macire-d21e05ae2b6637b9-320.webp","assets/images/products/premier-unknown-model-macire-d21e05ae2b6637b9-640.webp","assets/images/products/premier-unknown-model-macire-d21e05ae2b6637b9-1200.webp","Product image unavailable","Exact model/package match; rights grant for Nyce ecommerce; transformations and attribution; authorized original file"
"macire-f9ffd8fc85332441","36 Eggs Incubator with Automatic Turning & Humidity Control & LED Canding Lamp Milano","Milano Italia",,"https://macire.co.ke/product/36-eggs-incubator-with-automatic-turning-humidity-control-led-canding-lamp-milano/","2026-10-10","","","","3 image(s) hosted by Macire; rights not cleared - do not reuse","Brand/model incomplete; confirm identity before selecting photo","Blocked - no authorized product image available","assets/images/placeholder.svg (neutral; not a product photograph)","assets/images/products/milano-italia-unknown-model-macire-f9ffd8fc85332441-320.webp","assets/images/products/milano-italia-unknown-model-macire-f9ffd8fc85332441-640.webp","assets/images/products/milano-italia-unknown-model-macire-f9ffd8fc85332441-1200.webp","Product image unavailable","Exact model/package match; rights grant for Nyce ecommerce; transformations and attribution; authorized original file"
"macire-b74e29b468f41c25","120 Egg Automatic Incubator (Can Use Electricity or Battery)",,,"https://macire.co.ke/product/120-egg-automatic-incubator-can-use-electricity-or-battery/","2026-10-10","","","","2 image(s) hosted by Macire; rights not cleared - do not reuse","Brand/model incomplete; confirm identity before selecting photo","Blocked - no authorized product image available","assets/images/placeholder.svg (neutral; not a product photograph)","assets/images/products/unknown-brand-unknown-model-macire-b74e29b468f41c25-320.webp","assets/images/products/unknown-brand-unknown-model-macire-b74e29b468f41c25-640.webp","assets/images/products/unknown-brand-unknown-model-macire-b74e29b468f41c25-1200.webp","Product image unavailable","Exact model/package match; rights grant for Nyce ecommerce; transformations and attribution; authorized original file"
"macire-4e7d9a3ce2b81cef","450kg/h Premier PM33 Commercial Maize Mill – Dual Frame, Free Screen, 7.5HP Ready","Premier","PM33","https://macire.co.ke/product/450kg-h-premier-pm33-commercial-maize-mill-dual-frame-free-screen-7-5hp-ready/","2026-10-10","","","","4 image(s) hosted by Macire; rights not cleared - do not reuse","Retailer brand/model claim; exact photo match not verified","Blocked - no authorized product image available","assets/images/placeholder.svg (neutral; not a product photograph)","assets/images/products/premier-pm33-macire-4e7d9a3ce2b81cef-320.webp","assets/images/products/premier-pm33-macire-4e7d9a3ce2b81cef-640.webp","assets/images/products/premier-pm33-macire-4e7d9a3ce2b81cef-1200.webp","Premier PM33 - product view (identity verification pending)","Exact model/package match; rights grant for Nyce ecommerce; transformations and attribution; authorized original file"
"macire-087453e6c9df55a8","2″ x 100m Premier Heavy Duty Delivery Hose Pipe","Premier",,"https://macire.co.ke/product/2-x-100m-premier-heavy-duty-delivery-hose-pipe-copy/","2026-10-10","","","","4 image(s) hosted by Macire; rights not cleared - do not reuse","Brand/model incomplete; confirm identity before selecting photo","Blocked - no authorized product image available","assets/images/placeholder.svg (neutral; not a product photograph)","assets/images/products/premier-unknown-model-macire-087453e6c9df55a8-320.webp","assets/images/products/premier-unknown-model-macire-087453e6c9df55a8-640.webp","assets/images/products/premier-unknown-model-macire-087453e6c9df55a8-1200.webp","Product image unavailable","Exact model/package match; rights grant for Nyce ecommerce; transformations and attribution; authorized original file"
"macire-a03a7880b9ed14f0","2 Inches Lenhard Germany Delivery Blue Pipes 2 X 50metres – Heavy Duty Reinforced Pvc Lay Flat","Lenhard Germany",,"https://macire.co.ke/product/lenhard-germany-delivery-blue-pipes-2-x-50metres-2-inches-heavy-duty-reinforced-pvc-lay-flat/","2026-10-10","","","","2 image(s) hosted by Macire; rights not cleared - do not reuse","Brand/model incomplete; confirm identity before selecting photo","Blocked - no authorized product image available","assets/images/placeholder.svg (neutral; not a product photograph)","assets/images/products/lenhard-germany-unknown-model-macire-a03a7880b9ed14f0-320.webp","assets/images/products/lenhard-germany-unknown-model-macire-a03a7880b9ed14f0-640.webp","assets/images/products/lenhard-germany-unknown-model-macire-a03a7880b9ed14f0-1200.webp","Product image unavailable","Exact model/package match; rights grant for Nyce ecommerce; transformations and attribution; authorized original file"
"macire-8f242801d7b7c792","1.5″ 30m Canvas Delivery White Pipe Sunny Brand","Sunny",,"https://macire.co.ke/product/1-5-30m-canvas-delivery-white-pipe-sunny-brand/","2026-10-10","","","","5 image(s) hosted by Macire; rights not cleared - do not reuse","Brand/model incomplete; confirm identity before selecting photo","Blocked - no authorized product image available","assets/images/placeholder.svg (neutral; not a product photograph)","assets/images/products/sunny-unknown-model-macire-8f242801d7b7c792-320.webp","assets/images/products/sunny-unknown-model-macire-8f242801d7b7c792-640.webp","assets/images/products/sunny-unknown-model-macire-8f242801d7b7c792-1200.webp","Product image unavailable","Exact model/package match; rights grant for Nyce ecommerce; transformations and attribution; authorized original file"
"macire-5a96a045f90798b1","2″ 50m Blue Delivery Pipe Kmax Italy – Heavy Duty Reinforced PVC Lay Flat","Sunny",,"https://macire.co.ke/product/2-50m-blue-delivery-pipe-kmax-italy-heavy-duty-reinforced-pvc-lay-flat/","2026-10-10","","","","5 image(s) hosted by Macire; rights not cleared - do not reuse","Brand/model incomplete; confirm identity before selecting photo","Blocked - no authorized product image available","assets/images/placeholder.svg (neutral; not a product photograph)","assets/images/products/sunny-unknown-model-macire-5a96a045f90798b1-320.webp","assets/images/products/sunny-unknown-model-macire-5a96a045f90798b1-640.webp","assets/images/products/sunny-unknown-model-macire-5a96a045f90798b1-1200.webp","Product image unavailable","Exact model/package match; rights grant for Nyce ecommerce; transformations and attribution; authorized original file"
"macire-4a96c998ab874a41","24HP JD Jindong Diesel Engine Water Cooled – ZS1115WP","Jindong/Jintan","ZS1115WP","https://macire.co.ke/product/24hp-jd-jindong-diesel-engine-water-cooled-zs1115wp/","2026-10-10","","","","4 image(s) hosted by Macire; rights not cleared - do not reuse","Retailer brand/model claim; exact photo match not verified","Blocked - no authorized product image available","assets/images/placeholder.svg (neutral; not a product photograph)","assets/images/products/jindong-jintan-zs1115wp-macire-4a96c998ab874a41-320.webp","assets/images/products/jindong-jintan-zs1115wp-macire-4a96c998ab874a41-640.webp","assets/images/products/jindong-jintan-zs1115wp-macire-4a96c998ab874a41-1200.webp","Jindong/Jintan ZS1115WP - product view (identity verification pending)","Exact model/package match; rights grant for Nyce ecommerce; transformations and attribution; authorized original file"
"macire-00b6fb736984b420","7.5hp JD Jiadi Diesel Engine JD175WP Water Cooled Manual Start","Jiadi",,"https://macire.co.ke/product/7-5hp-jd-jiadi-diesel-engine-jd175wp-water-cooled-manual-start/","2026-10-10","","","","4 image(s) hosted by Macire; rights not cleared - do not reuse","Brand/model incomplete; confirm identity before selecting photo","Blocked - no authorized product image available","assets/images/placeholder.svg (neutral; not a product photograph)","assets/images/products/jiadi-unknown-model-macire-00b6fb736984b420-320.webp","assets/images/products/jiadi-unknown-model-macire-00b6fb736984b420-640.webp","assets/images/products/jiadi-unknown-model-macire-00b6fb736984b420-1200.webp","Product image unavailable","Exact model/package match; rights grant for Nyce ecommerce; transformations and attribution; authorized original file"
"macire-7c69f871ee1d3dfe","Water cooled diesel engine ZH-1110 – 22 HP",,"ZH1110","https://macire.co.ke/product/water-cooled-diesel-engine-zh-1110-22-hp/","2026-10-10","","","","1 image(s) hosted by Macire; rights not cleared - do not reuse","Brand/model incomplete; confirm identity before selecting photo","Blocked - no authorized product image available","assets/images/placeholder.svg (neutral; not a product photograph)","assets/images/products/unknown-brand-zh1110-macire-7c69f871ee1d3dfe-320.webp","assets/images/products/unknown-brand-zh1110-macire-7c69f871ee1d3dfe-640.webp","assets/images/products/unknown-brand-zh1110-macire-7c69f871ee1d3dfe-1200.webp","Product image unavailable","Exact model/package match; rights grant for Nyce ecommerce; transformations and attribution; authorized original file"
"macire-19989dbfc50da6b9","Garden Pressure Sprayer Heavy Duty",,,"https://macire.co.ke/product/garden-pressure-sprayer-heavy-duty/","2026-10-10","","","","3 image(s) hosted by Macire; rights not cleared - do not reuse","Brand/model incomplete; confirm identity before selecting photo","Blocked - no authorized product image available","assets/images/placeholder.svg (neutral; not a product photograph)","assets/images/products/unknown-brand-unknown-model-macire-19989dbfc50da6b9-320.webp","assets/images/products/unknown-brand-unknown-model-macire-19989dbfc50da6b9-640.webp","assets/images/products/unknown-brand-unknown-model-macire-19989dbfc50da6b9-1200.webp","Product image unavailable","Exact model/package match; rights grant for Nyce ecommerce; transformations and attribution; authorized original file"
"macire-3972a48d5671a9f2","20L Premier Economy Knapsack Sprayer – Manual Farm Sprayer","Premier",,"https://macire.co.ke/product/20l-premier-economy-knapsack-sprayer-manual-farm-sprayer/","2026-10-10","","","","5 image(s) hosted by Macire; rights not cleared - do not reuse","Brand/model incomplete; confirm identity before selecting photo","Blocked - no authorized product image available","assets/images/placeholder.svg (neutral; not a product photograph)","assets/images/products/premier-unknown-model-macire-3972a48d5671a9f2-320.webp","assets/images/products/premier-unknown-model-macire-3972a48d5671a9f2-640.webp","assets/images/products/premier-unknown-model-macire-3972a48d5671a9f2-1200.webp","Product image unavailable","Exact model/package match; rights grant for Nyce ecommerce; transformations and attribution; authorized original file"
"macire-2876c7d2e4fc4b14","Farmate 15L Original Knapsack Sprayer","Farmate",,"https://macire.co.ke/product/farmate-15l-original-knapsack-sprayer/","2026-10-10","","","","4 image(s) hosted by Macire; rights not cleared - do not reuse","Brand/model incomplete; confirm identity before selecting photo","Blocked - no authorized product image available","assets/images/placeholder.svg (neutral; not a product photograph)","assets/images/products/farmate-unknown-model-macire-2876c7d2e4fc4b14-320.webp","assets/images/products/farmate-unknown-model-macire-2876c7d2e4fc4b14-640.webp","assets/images/products/farmate-unknown-model-macire-2876c7d2e4fc4b14-1200.webp","Product image unavailable","Exact model/package match; rights grant for Nyce ecommerce; transformations and attribution; authorized original file"
"macire-fc664d47c471c3a8","2″ Big Rain Gun Irrigation Rain Gun Stainless Steel Tripod Type",,,"https://macire.co.ke/product/2-big-rain-gun-irrigation-rain-gun-stainless-steel-tripod-type/","2026-10-10","","","","5 image(s) hosted by Macire; rights not cleared - do not reuse","Brand/model incomplete; confirm identity before selecting photo","Blocked - no authorized product image available","assets/images/placeholder.svg (neutral; not a product photograph)","assets/images/products/unknown-brand-unknown-model-macire-fc664d47c471c3a8-320.webp","assets/images/products/unknown-brand-unknown-model-macire-fc664d47c471c3a8-640.webp","assets/images/products/unknown-brand-unknown-model-macire-fc664d47c471c3a8-1200.webp","Product image unavailable","Exact model/package match; rights grant for Nyce ecommerce; transformations and attribution; authorized original file"
"macire-6315b5724ff3c4f6","2″ Aico Japan Diesel Water Pump Engine – Normal Pressure","Aico Japan",,"https://macire.co.ke/product/2-aico-japan-diesel-water-pump-engine-normal-pressure/","2026-10-10","","","","4 image(s) hosted by Macire; rights not cleared - do not reuse","Brand/model incomplete; confirm identity before selecting photo","Blocked - no authorized product image available","assets/images/placeholder.svg (neutral; not a product photograph)","assets/images/products/aico-japan-unknown-model-macire-6315b5724ff3c4f6-320.webp","assets/images/products/aico-japan-unknown-model-macire-6315b5724ff3c4f6-640.webp","assets/images/products/aico-japan-unknown-model-macire-6315b5724ff3c4f6-1200.webp","Product image unavailable","Exact model/package match; rights grant for Nyce ecommerce; transformations and attribution; authorized original file"
"macire-1fd02009cbe7d050","2hp 28m 6m³/h Electric Submersible Water Pump Premier","Premier",,"https://macire.co.ke/product/2hp-28m-6m%c2%b3-h-electric-submersible-water-pump-premier-1-1kw-pr6-28-1-5/","2026-10-10","","","","4 image(s) hosted by Macire; rights not cleared - do not reuse","Brand/model incomplete; confirm identity before selecting photo","Blocked - no authorized product image available","assets/images/placeholder.svg (neutral; not a product photograph)","assets/images/products/premier-unknown-model-macire-1fd02009cbe7d050-320.webp","assets/images/products/premier-unknown-model-macire-1fd02009cbe7d050-640.webp","assets/images/products/premier-unknown-model-macire-1fd02009cbe7d050-1200.webp","Product image unavailable","Exact model/package match; rights grant for Nyce ecommerce; transformations and attribution; authorized original file"
"macire-1d21f9d15927634b","10mm West Twin With Earth Local Cable – Price Per Meter – Energy Efficient & Cost-Effective!","West",,"https://macire.co.ke/product/10mm-west-twin-with-earth-local-cable-price-per-meter-energy-efficient-cost-effective/","2026-10-10","","","","10 image(s) hosted by Macire; rights not cleared - do not reuse","Brand/model incomplete; confirm identity before selecting photo","Blocked - no authorized product image available","assets/images/placeholder.svg (neutral; not a product photograph)","assets/images/products/west-unknown-model-macire-1d21f9d15927634b-320.webp","assets/images/products/west-unknown-model-macire-1d21f9d15927634b-640.webp","assets/images/products/west-unknown-model-macire-1d21f9d15927634b-1200.webp","Product image unavailable","Exact model/package match; rights grant for Nyce ecommerce; transformations and attribution; authorized original file"
"macire-0a8797fff7e8cb17","25m POWERMATE Extension Reel – 1.5mm² Cable","Powermate",,"https://macire.co.ke/product/25m-powermate-extension-reel-1-5mm%c2%b2-cable/","2026-10-10","","","","4 image(s) hosted by Macire; rights not cleared - do not reuse","Brand/model incomplete; confirm identity before selecting photo","Blocked - no authorized product image available","assets/images/placeholder.svg (neutral; not a product photograph)","assets/images/products/powermate-unknown-model-macire-0a8797fff7e8cb17-320.webp","assets/images/products/powermate-unknown-model-macire-0a8797fff7e8cb17-640.webp","assets/images/products/powermate-unknown-model-macire-0a8797fff7e8cb17-1200.webp","Product image unavailable","Exact model/package match; rights grant for Nyce ecommerce; transformations and attribution; authorized original file"
"macire-a190ba2a8c3984c8","93m Doyin AC Borehole Submersible Water Pump – 0.75kW, 1HP, Ordinary Impeller","Doyin","4SDM3/13","https://macire.co.ke/product/93m-doyin-ac-borehole-submersible-water-pump-0-75kw-1hp-ordinary-impeller/","2026-10-10","","","","7 image(s) hosted by Macire; rights not cleared - do not reuse","Retailer brand/model claim; exact photo match not verified","Blocked - no authorized product image available","assets/images/placeholder.svg (neutral; not a product photograph)","assets/images/products/doyin-4sdm3-13-macire-a190ba2a8c3984c8-320.webp","assets/images/products/doyin-4sdm3-13-macire-a190ba2a8c3984c8-640.webp","assets/images/products/doyin-4sdm3-13-macire-a190ba2a8c3984c8-1200.webp","Doyin 4SDM3/13 - product view (identity verification pending)","Exact model/package match; rights grant for Nyce ecommerce; transformations and attribution; authorized original file"
"macire-fbe091f333751629","0.7KVA Lorentz PS2-600 Controller","Lorentz","PS2-600","https://macire.co.ke/product/0-7kva-lorentz-ps2-600-controller/","2026-10-10","","","","4 image(s) hosted by Macire; rights not cleared - do not reuse","Retailer brand/model claim; exact photo match not verified","Blocked - no authorized product image available","assets/images/placeholder.svg (neutral; not a product photograph)","assets/images/products/lorentz-ps2-600-macire-fbe091f333751629-320.webp","assets/images/products/lorentz-ps2-600-macire-fbe091f333751629-640.webp","assets/images/products/lorentz-ps2-600-macire-fbe091f333751629-1200.webp","Lorentz PS2-600 - product view (identity verification pending)","Exact model/package match; rights grant for Nyce ecommerce; transformations and attribution; authorized original file"
"macire-36a86978b922dd61","60M Aico Japan 1HP Centrifugal Water Booster Pump AKP80","Aico Japan","AKP80","https://macire.co.ke/product/60m-aico-japan-1hp-centrifugal-water-booster-pump-akp80/","2026-10-10","","","","5 image(s) hosted by Macire; rights not cleared - do not reuse","Retailer brand/model claim; exact photo match not verified","Blocked - no authorized product image available","assets/images/placeholder.svg (neutral; not a product photograph)","assets/images/products/aico-japan-akp80-macire-36a86978b922dd61-320.webp","assets/images/products/aico-japan-akp80-macire-36a86978b922dd61-640.webp","assets/images/products/aico-japan-akp80-macire-36a86978b922dd61-1200.webp","Aico Japan AKP80 - product view (identity verification pending)","Exact model/package match; rights grant for Nyce ecommerce; transformations and attribution; authorized original file"
"macire-7cfcc4c16a67907a","0.32hp 0.25Kw Dayliff DDP 50A Automatic Mini Electric Booster Water Pump","Dayliff",,"https://macire.co.ke/product/dayliff-ddp-50a-automatic-mini-booster-pump/","2026-10-10","","","","3 image(s) hosted by Macire; rights not cleared - do not reuse","Brand/model incomplete; confirm identity before selecting photo","Blocked - no authorized product image available","assets/images/placeholder.svg (neutral; not a product photograph)","assets/images/products/dayliff-unknown-model-macire-7cfcc4c16a67907a-320.webp","assets/images/products/dayliff-unknown-model-macire-7cfcc4c16a67907a-640.webp","assets/images/products/dayliff-unknown-model-macire-7cfcc4c16a67907a-1200.webp","Product image unavailable","Exact model/package match; rights grant for Nyce ecommerce; transformations and attribution; authorized original file"
"macire-5c5903a4cab7826b","0.5hp 0.37Kw 35m Dayliff DDP 60 Electric Booster Water Pump High Quality","Dayliff",,"https://macire.co.ke/product/dayliff-ddp-60-high-quality-booster-pump/","2026-10-10","","","","3 image(s) hosted by Macire; rights not cleared - do not reuse","Brand/model incomplete; confirm identity before selecting photo","Blocked - no authorized product image available","assets/images/placeholder.svg (neutral; not a product photograph)","assets/images/products/dayliff-unknown-model-macire-5c5903a4cab7826b-320.webp","assets/images/products/dayliff-unknown-model-macire-5c5903a4cab7826b-640.webp","assets/images/products/dayliff-unknown-model-macire-5c5903a4cab7826b-1200.webp","Product image unavailable","Exact model/package match; rights grant for Nyce ecommerce; transformations and attribution; authorized original file"
"macire-0c6d10cfdbc95b38","0.5hp 28m 1.8m³ Electric Booster Peripheral Water Pump Premier QB60","Premier",,"https://macire.co.ke/product/0-5hp-28m-1-8m%c2%b3-electric-booster-peripheral-water-pump-premier-qb60/","2026-10-10","","","","4 image(s) hosted by Macire; rights not cleared - do not reuse","Brand/model incomplete; confirm identity before selecting photo","Blocked - no authorized product image available","assets/images/placeholder.svg (neutral; not a product photograph)","assets/images/products/premier-unknown-model-macire-0c6d10cfdbc95b38-320.webp","assets/images/products/premier-unknown-model-macire-0c6d10cfdbc95b38-640.webp","assets/images/products/premier-unknown-model-macire-0c6d10cfdbc95b38-1200.webp","Product image unavailable","Exact model/package match; rights grant for Nyce ecommerce; transformations and attribution; authorized original file"
"macire-9388eea52d56284f","1.1kW Aico Japan Swimming Pool Pump – AC-SPP, 366L/min Flow, 25m Head","Aico Japan","AC-SPP","https://macire.co.ke/product/1-1kw-aico-japan-swimming-pool-pump-ac-spp-366l-min-flow-25m-head/","2026-10-10","","","","5 image(s) hosted by Macire; rights not cleared - do not reuse","Retailer brand/model claim; exact photo match not verified","Blocked - no authorized product image available","assets/images/placeholder.svg (neutral; not a product photograph)","assets/images/products/aico-japan-ac-spp-macire-9388eea52d56284f-320.webp","assets/images/products/aico-japan-ac-spp-macire-9388eea52d56284f-640.webp","assets/images/products/aico-japan-ac-spp-macire-9388eea52d56284f-1200.webp","Aico Japan AC-SPP - product view (identity verification pending)","Exact model/package match; rights grant for Nyce ecommerce; transformations and attribution; authorized original file"
"macire-10ff23cbb69bf8d1","Dayliff Chlorine 65 – from 5kgs","Dayliff",,"https://macire.co.ke/product/dayliff-chlorine-65-40kgs/","2026-10-10","","","","2 image(s) hosted by Macire; rights not cleared - do not reuse","Brand/model incomplete; confirm identity before selecting photo","Blocked - no authorized product image available","assets/images/placeholder.svg (neutral; not a product photograph)","assets/images/products/dayliff-unknown-model-macire-10ff23cbb69bf8d1-320.webp","assets/images/products/dayliff-unknown-model-macire-10ff23cbb69bf8d1-640.webp","assets/images/products/dayliff-unknown-model-macire-10ff23cbb69bf8d1-1200.webp","Product image unavailable","Exact model/package match; rights grant for Nyce ecommerce; transformations and attribution; authorized original file"
"macire-714e12f1a6dfb6ef","ATLAS OASIS DP Sanic 100GPD Water Treatment","Dayliff",,"https://macire.co.ke/product/atlas-oasis-dp-sanic-100gpd-water-treatment/","2026-10-10","","","","1 image(s) hosted by Macire; rights not cleared - do not reuse","Brand/model incomplete; confirm identity before selecting photo","Blocked - no authorized product image available","assets/images/placeholder.svg (neutral; not a product photograph)","assets/images/products/dayliff-unknown-model-macire-714e12f1a6dfb6ef-320.webp","assets/images/products/dayliff-unknown-model-macire-714e12f1a6dfb6ef-640.webp","assets/images/products/dayliff-unknown-model-macire-714e12f1a6dfb6ef-1200.webp","Product image unavailable","Exact model/package match; rights grant for Nyce ecommerce; transformations and attribution; authorized original file"
"macire-32a0e4b493559dbd","450L WASP Concrete Mixer with Diesel Engine Heavy Duty","Wasp",,"https://macire.co.ke/product/450l-wasp-concrete-mixer-with-diesel-engine-heavy-duty/","2026-10-10","","","","4 image(s) hosted by Macire; rights not cleared - do not reuse","Brand/model incomplete; confirm identity before selecting photo","Blocked - no authorized product image available","assets/images/placeholder.svg (neutral; not a product photograph)","assets/images/products/wasp-unknown-model-macire-32a0e4b493559dbd-320.webp","assets/images/products/wasp-unknown-model-macire-32a0e4b493559dbd-640.webp","assets/images/products/wasp-unknown-model-macire-32a0e4b493559dbd-1200.webp","Product image unavailable","Exact model/package match; rights grant for Nyce ecommerce; transformations and attribution; authorized original file"
"macire-39e119878713c2a6","CONCRETE MIXER","Wokin",,"https://macire.co.ke/product/concrete-mixer-2/","2026-10-10","","","","1 image(s) hosted by Macire; rights not cleared - do not reuse","Brand/model incomplete; confirm identity before selecting photo","Blocked - no authorized product image available","assets/images/placeholder.svg (neutral; not a product photograph)","assets/images/products/wokin-unknown-model-macire-39e119878713c2a6-320.webp","assets/images/products/wokin-unknown-model-macire-39e119878713c2a6-640.webp","assets/images/products/wokin-unknown-model-macire-39e119878713c2a6-1200.webp","Product image unavailable","Exact model/package match; rights grant for Nyce ecommerce; transformations and attribution; authorized original file"
"macire-ceb830889f76e8a7","Poker Vibrator Golf Germany HT-ZB50 – Petrol Portable and durable","Golf",,"https://macire.co.ke/product/poker-vibrator-golf-germany-ht-zb50-petrol-portable-and-durable/","2026-10-10","","","","14 image(s) hosted by Macire; rights not cleared - do not reuse","Brand/model incomplete; confirm identity before selecting photo","Blocked - no authorized product image available","assets/images/placeholder.svg (neutral; not a product photograph)","assets/images/products/golf-unknown-model-macire-ceb830889f76e8a7-320.webp","assets/images/products/golf-unknown-model-macire-ceb830889f76e8a7-640.webp","assets/images/products/golf-unknown-model-macire-ceb830889f76e8a7-1200.webp","Product image unavailable","Exact model/package match; rights grant for Nyce ecommerce; transformations and attribution; authorized original file"
"macire-22a89f20a82c0551","Aico Japan Petrol Poker Vibrator Complete with 45mm Poker Shaft","Aico Japan",,"https://macire.co.ke/product/aico-japan-petrol-poker-vibrator-complete-with-45mm-poker-shaft/","2026-10-10","","","","8 image(s) hosted by Macire; rights not cleared - do not reuse","Brand/model incomplete; confirm identity before selecting photo","Blocked - no authorized product image available","assets/images/placeholder.svg (neutral; not a product photograph)","assets/images/products/aico-japan-unknown-model-macire-22a89f20a82c0551-320.webp","assets/images/products/aico-japan-unknown-model-macire-22a89f20a82c0551-640.webp","assets/images/products/aico-japan-unknown-model-macire-22a89f20a82c0551-1200.webp","Product image unavailable","Exact model/package match; rights grant for Nyce ecommerce; transformations and attribution; authorized original file"
"macire-77810d6b80734af0","90kg Tolsen Gasoline Plate Compactor 86103","Tolsen","86103","https://macire.co.ke/product/90kg-tolsen-gasoline-plate-compactor-86103/","2026-10-10","","","","6 image(s) hosted by Macire; rights not cleared - do not reuse","Retailer brand/model claim; exact photo match not verified","Blocked - no authorized product image available","assets/images/placeholder.svg (neutral; not a product photograph)","assets/images/products/tolsen-86103-macire-77810d6b80734af0-320.webp","assets/images/products/tolsen-86103-macire-77810d6b80734af0-640.webp","assets/images/products/tolsen-86103-macire-77810d6b80734af0-1200.webp","Tolsen 86103 - product view (identity verification pending)","Exact model/package match; rights grant for Nyce ecommerce; transformations and attribution; authorized original file"
"macire-e37ca0f126e60649","Aico Japan Power Trowel with Honda GP160 Engine","Aico Japan",,"https://macire.co.ke/product/aico-japan-power-trowel-with-honda-gp160-engine/","2026-10-10","","","","8 image(s) hosted by Macire; rights not cleared - do not reuse","Brand/model incomplete; confirm identity before selecting photo","Blocked - no authorized product image available","assets/images/placeholder.svg (neutral; not a product photograph)","assets/images/products/aico-japan-unknown-model-macire-e37ca0f126e60649-320.webp","assets/images/products/aico-japan-unknown-model-macire-e37ca0f126e60649-640.webp","assets/images/products/aico-japan-unknown-model-macire-e37ca0f126e60649-1200.webp","Product image unavailable","Exact model/package match; rights grant for Nyce ecommerce; transformations and attribution; authorized original file"
"macire-1f8dd30504905e8b","Mercury Weldmaster Inverter Welder Evo-300","Mercury Uk","EVO-300","https://macire.co.ke/product/mercury-weldmaster-inverter-welder-evo-300/","2026-10-10","","","","4 image(s) hosted by Macire; rights not cleared - do not reuse","Retailer brand/model claim; exact photo match not verified","Blocked - no authorized product image available","assets/images/placeholder.svg (neutral; not a product photograph)","assets/images/products/mercury-uk-evo-300-macire-1f8dd30504905e8b-320.webp","assets/images/products/mercury-uk-evo-300-macire-1f8dd30504905e8b-640.webp","assets/images/products/mercury-uk-evo-300-macire-1f8dd30504905e8b-1200.webp","Mercury Uk EVO-300 - product view (identity verification pending)","Exact model/package match; rights grant for Nyce ecommerce; transformations and attribution; authorized original file"
"macire-469f9831d56e1502","Aico Japan MIG-200I Portable HEAVY DUTY MIG Inverter Welder AMPS AC/DC","Aico Japan",,"https://macire.co.ke/product/aico-japan-mig-200i-portable-heavy-duty-mig-inverter-welder-amps-ac-dc/","2026-10-10","","","","4 image(s) hosted by Macire; rights not cleared - do not reuse","Brand/model incomplete; confirm identity before selecting photo","Blocked - no authorized product image available","assets/images/placeholder.svg (neutral; not a product photograph)","assets/images/products/aico-japan-unknown-model-macire-469f9831d56e1502-320.webp","assets/images/products/aico-japan-unknown-model-macire-469f9831d56e1502-640.webp","assets/images/products/aico-japan-unknown-model-macire-469f9831d56e1502-1200.webp","Product image unavailable","Exact model/package match; rights grant for Nyce ecommerce; transformations and attribution; authorized original file"
"macire-0498f8924f492f21","300A Aico Japan MMA300 Portable Arc Inverter Welding Machine","Aico Japan",,"https://macire.co.ke/product/300a-aico-japan-mma300-portable-arc-inverter-welding-machine/","2026-10-10","","","","7 image(s) hosted by Macire; rights not cleared - do not reuse","Brand/model incomplete; confirm identity before selecting photo","Blocked - no authorized product image available","assets/images/placeholder.svg (neutral; not a product photograph)","assets/images/products/aico-japan-unknown-model-macire-0498f8924f492f21-320.webp","assets/images/products/aico-japan-unknown-model-macire-0498f8924f492f21-640.webp","assets/images/products/aico-japan-unknown-model-macire-0498f8924f492f21-1200.webp","Product image unavailable","Exact model/package match; rights grant for Nyce ecommerce; transformations and attribution; authorized original file"
"macire-f37cd967ae4bf144","Riland MIG 350 Welding Machine","Riland",,"https://macire.co.ke/product/riland-mig-350-welding-machine/","2026-10-10","","","","4 image(s) hosted by Macire; rights not cleared - do not reuse","Brand/model incomplete; confirm identity before selecting photo","Blocked - no authorized product image available","assets/images/placeholder.svg (neutral; not a product photograph)","assets/images/products/riland-unknown-model-macire-f37cd967ae4bf144-320.webp","assets/images/products/riland-unknown-model-macire-f37cd967ae4bf144-640.webp","assets/images/products/riland-unknown-model-macire-f37cd967ae4bf144-1200.webp","Product image unavailable","Exact model/package match; rights grant for Nyce ecommerce; transformations and attribution; authorized original file"
"macire-8e40f5fad3f4cca3","Planer Blade 16” for ML393 Woodworking Table Saw Spare","Macire",,"https://macire.co.ke/product/planer-blade-16-for-ml393-woodworking-table-saw-spare/","2026-10-10","","","","3 image(s) hosted by Macire; rights not cleared - do not reuse","Brand/model incomplete; confirm identity before selecting photo","Blocked - no authorized product image available","assets/images/placeholder.svg (neutral; not a product photograph)","assets/images/products/macire-unknown-model-macire-8e40f5fad3f4cca3-320.webp","assets/images/products/macire-unknown-model-macire-8e40f5fad3f4cca3-640.webp","assets/images/products/macire-unknown-model-macire-8e40f5fad3f4cca3-1200.webp","Product image unavailable","Exact model/package match; rights grant for Nyce ecommerce; transformations and attribution; authorized original file"
"macire-eb6809c0bd80b675","Tolsen Jigsaw 800w Variable Speed",,,"https://macire.co.ke/product/tolsen-jigsaw-800w-variable-speed/","2026-10-10","","","","2 image(s) hosted by Macire; rights not cleared - do not reuse","Brand/model incomplete; confirm identity before selecting photo","Blocked - no authorized product image available","assets/images/placeholder.svg (neutral; not a product photograph)","assets/images/products/unknown-brand-unknown-model-macire-eb6809c0bd80b675-320.webp","assets/images/products/unknown-brand-unknown-model-macire-eb6809c0bd80b675-640.webp","assets/images/products/unknown-brand-unknown-model-macire-eb6809c0bd80b675-1200.webp","Product image unavailable","Exact model/package match; rights grant for Nyce ecommerce; transformations and attribution; authorized original file"
"macire-0bc176b2434b6be4","Original! Husqvarna 272 XP Power Saw – Forestry & Timber Cutting",,"272 XP","https://macire.co.ke/product/original-husqvarna-272-xp-power-saw-forestry-timber-cutting/","2026-10-10","","","","16 image(s) hosted by Macire; rights not cleared - do not reuse","Brand/model incomplete; confirm identity before selecting photo","Blocked - no authorized product image available","assets/images/placeholder.svg (neutral; not a product photograph)","assets/images/products/unknown-brand-272-xp-macire-0bc176b2434b6be4-320.webp","assets/images/products/unknown-brand-272-xp-macire-0bc176b2434b6be4-640.webp","assets/images/products/unknown-brand-272-xp-macire-0bc176b2434b6be4-1200.webp","Product image unavailable","Exact model/package match; rights grant for Nyce ecommerce; transformations and attribution; authorized original file"
"macire-cfe600ea9f519667","Lida Woodworking Table Saw – Workshop Wood Cutting Machine","Lida",,"https://macire.co.ke/product/lida-woodworking-table-saw-workshop-wood-cutting-machine/","2026-10-10","","","","6 image(s) hosted by Macire; rights not cleared - do not reuse","Brand/model incomplete; confirm identity before selecting photo","Blocked - no authorized product image available","assets/images/placeholder.svg (neutral; not a product photograph)","assets/images/products/lida-unknown-model-macire-cfe600ea9f519667-320.webp","assets/images/products/lida-unknown-model-macire-cfe600ea9f519667-640.webp","assets/images/products/lida-unknown-model-macire-cfe600ea9f519667-1200.webp","Product image unavailable","Exact model/package match; rights grant for Nyce ecommerce; transformations and attribution; authorized original file"
"macire-40c76470e51dd01a","Tolsen Industrial 1/2″ Air Impact Wrench",,,"https://macire.co.ke/product/tolsen-industrial-1-2-air-impact-wrench/","2026-10-10","","","","4 image(s) hosted by Macire; rights not cleared - do not reuse","Brand/model incomplete; confirm identity before selecting photo","Blocked - no authorized product image available","assets/images/placeholder.svg (neutral; not a product photograph)","assets/images/products/unknown-brand-unknown-model-macire-40c76470e51dd01a-320.webp","assets/images/products/unknown-brand-unknown-model-macire-40c76470e51dd01a-640.webp","assets/images/products/unknown-brand-unknown-model-macire-40c76470e51dd01a-1200.webp","Product image unavailable","Exact model/package match; rights grant for Nyce ecommerce; transformations and attribution; authorized original file"
"macire-5ad361fa136f86db","MAKITA PW5001C POLISHER STONE(MARBLE/GRANITE) 7” 900W",,,"https://macire.co.ke/product/makita-pw5001c-polisher-stonemarble-granite-7-900w/","2026-10-10","","","","1 image(s) hosted by Macire; rights not cleared - do not reuse","Brand/model incomplete; confirm identity before selecting photo","Blocked - no authorized product image available","assets/images/placeholder.svg (neutral; not a product photograph)","assets/images/products/unknown-brand-unknown-model-macire-5ad361fa136f86db-320.webp","assets/images/products/unknown-brand-unknown-model-macire-5ad361fa136f86db-640.webp","assets/images/products/unknown-brand-unknown-model-macire-5ad361fa136f86db-1200.webp","Product image unavailable","Exact model/package match; rights grant for Nyce ecommerce; transformations and attribution; authorized original file"
"macire-dc7814819c7c3157","750Watts CAT Impact Drill DX17","Cat",,"https://macire.co.ke/product/750watts-cat-impact-drill-dx17/","2026-10-10","","","","6 image(s) hosted by Macire; rights not cleared - do not reuse","Brand/model incomplete; confirm identity before selecting photo","Blocked - no authorized product image available","assets/images/placeholder.svg (neutral; not a product photograph)","assets/images/products/cat-unknown-model-macire-dc7814819c7c3157-320.webp","assets/images/products/cat-unknown-model-macire-dc7814819c7c3157-640.webp","assets/images/products/cat-unknown-model-macire-dc7814819c7c3157-1200.webp","Product image unavailable","Exact model/package match; rights grant for Nyce ecommerce; transformations and attribution; authorized original file"
"macire-71a88ba6f3953afd","0.75kW 1.0HP TOTAL Sewage Submersible Pump Electric AC TWP87506 750w (Dirty Water 8m Head 217L/min)","Total",,"https://macire.co.ke/product/0-75kw-1-0hp-total-sewage-submersible-pump-electric-ac-twp87506-750w-dirty-water-8m-head-217l-min/","2026-10-10","","","","7 image(s) hosted by Macire; rights not cleared - do not reuse","Brand/model incomplete; confirm identity before selecting photo","Blocked - no authorized product image available","assets/images/placeholder.svg (neutral; not a product photograph)","assets/images/products/total-unknown-model-macire-71a88ba6f3953afd-320.webp","assets/images/products/total-unknown-model-macire-71a88ba6f3953afd-640.webp","assets/images/products/total-unknown-model-macire-71a88ba6f3953afd-1200.webp","Product image unavailable","Exact model/package match; rights grant for Nyce ecommerce; transformations and attribution; authorized original file"
"macire-aacce114f64acfca","2.2kW 3″ TOTAL Sewage Submersible Pump Electric 3hp AC TWP7220026 (633L/min)","Total",,"https://macire.co.ke/product/2-2kw-3-total-sewage-submersible-pump-electric-3hp-ac-twp7220026-633l-min/","2026-10-10","","","","7 image(s) hosted by Macire; rights not cleared - do not reuse","Brand/model incomplete; confirm identity before selecting photo","Blocked - no authorized product image available","assets/images/placeholder.svg (neutral; not a product photograph)","assets/images/products/total-unknown-model-macire-aacce114f64acfca-320.webp","assets/images/products/total-unknown-model-macire-aacce114f64acfca-640.webp","assets/images/products/total-unknown-model-macire-aacce114f64acfca-1200.webp","Product image unavailable","Exact model/package match; rights grant for Nyce ecommerce; transformations and attribution; authorized original file"
"macire-e8436bd6951edf79","5hp 10m Sewage Pump Shallow Well Water Pump QXD","Premier",,"https://macire.co.ke/product/5hp-10m-sewage-pump-shallow-well-water-pump-qxd/","2026-10-10","","","","4 image(s) hosted by Macire; rights not cleared - do not reuse","Brand/model incomplete; confirm identity before selecting photo","Blocked - no authorized product image available","assets/images/placeholder.svg (neutral; not a product photograph)","assets/images/products/premier-unknown-model-macire-e8436bd6951edf79-320.webp","assets/images/products/premier-unknown-model-macire-e8436bd6951edf79-640.webp","assets/images/products/premier-unknown-model-macire-e8436bd6951edf79-1200.webp","Product image unavailable","Exact model/package match; rights grant for Nyce ecommerce; transformations and attribution; authorized original file"
"macire-693262acd380f7e1","15HP Aico Japan WQD10-130 Sewage Submersible Pump – 11KW, 170m Head, Three Phase, 2-Inch Outlet","Aico Japan",,"https://macire.co.ke/product/15hp-aico-japan-wqd10-130-sewage-submersible-pump-11kw-170m-head-three-phase-2-inch-outlet/","2026-10-10","","","","6 image(s) hosted by Macire; rights not cleared - do not reuse","Brand/model incomplete; confirm identity before selecting photo","Blocked - no authorized product image available","assets/images/placeholder.svg (neutral; not a product photograph)","assets/images/products/aico-japan-unknown-model-macire-693262acd380f7e1-320.webp","assets/images/products/aico-japan-unknown-model-macire-693262acd380f7e1-640.webp","assets/images/products/aico-japan-unknown-model-macire-693262acd380f7e1-1200.webp","Product image unavailable","Exact model/package match; rights grant for Nyce ecommerce; transformations and attribution; authorized original file"
"macire-20221f1266b0ec1b","6 Step Ladder Red Foldable – Heavy Duty","Macire",,"https://macire.co.ke/product/6-step-ladder-red-foldable-heavy-duty/","2026-10-10","","","","4 image(s) hosted by Macire; rights not cleared - do not reuse","Brand/model incomplete; confirm identity before selecting photo","Blocked - no authorized product image available","assets/images/placeholder.svg (neutral; not a product photograph)","assets/images/products/macire-unknown-model-macire-20221f1266b0ec1b-320.webp","assets/images/products/macire-unknown-model-macire-20221f1266b0ec1b-640.webp","assets/images/products/macire-unknown-model-macire-20221f1266b0ec1b-1200.webp","Product image unavailable","Exact model/package match; rights grant for Nyce ecommerce; transformations and attribution; authorized original file"
"macire-cced3d55e3e957fd","A’ Type 5 Steps Aluminum Ladder",,,"https://macire.co.ke/product/a-type-5-steps-aluminum-ladder/","2026-10-10","","","","3 image(s) hosted by Macire; rights not cleared - do not reuse","Brand/model incomplete; confirm identity before selecting photo","Blocked - no authorized product image available","assets/images/placeholder.svg (neutral; not a product photograph)","assets/images/products/unknown-brand-unknown-model-macire-cced3d55e3e957fd-320.webp","assets/images/products/unknown-brand-unknown-model-macire-cced3d55e3e957fd-640.webp","assets/images/products/unknown-brand-unknown-model-macire-cced3d55e3e957fd-1200.webp","Product image unavailable","Exact model/package match; rights grant for Nyce ecommerce; transformations and attribution; authorized original file"
"macire-3105f0120401388c","16″ 3.5hp 123cc Lawn Mower Loncin Germany Brand Hand Push LYS16","Loncin",,"https://macire.co.ke/product/16-3-5hp-123cc-lawn-mower-loncin-germany-brand-hand-push-lys16/","2026-10-10","","","","4 image(s) hosted by Macire; rights not cleared - do not reuse","Brand/model incomplete; confirm identity before selecting photo","Blocked - no authorized product image available","assets/images/placeholder.svg (neutral; not a product photograph)","assets/images/products/loncin-unknown-model-macire-3105f0120401388c-320.webp","assets/images/products/loncin-unknown-model-macire-3105f0120401388c-640.webp","assets/images/products/loncin-unknown-model-macire-3105f0120401388c-1200.webp","Product image unavailable","Exact model/package match; rights grant for Nyce ecommerce; transformations and attribution; authorized original file"
"macire-01eaabe3eae0dcb3","21-Inch Briggs & Stratton WYS21 Lawn Mower – Wide-Cut Lawn Maintenance","Briggs &amp; Stratton","WYS21","https://macire.co.ke/product/21-inch-briggs-stratton-wys21-lawn-mower-wide-cut-lawn-maintenance/","2026-10-10","","","","7 image(s) hosted by Macire; rights not cleared - do not reuse","Retailer brand/model claim; exact photo match not verified","Blocked - no authorized product image available","assets/images/placeholder.svg (neutral; not a product photograph)","assets/images/products/briggs-amp-stratton-wys21-macire-01eaabe3eae0dcb3-320.webp","assets/images/products/briggs-amp-stratton-wys21-macire-01eaabe3eae0dcb3-640.webp","assets/images/products/briggs-amp-stratton-wys21-macire-01eaabe3eae0dcb3-1200.webp","Briggs &amp; Stratton WYS21 - product view (identity verification pending)","Exact model/package match; rights grant for Nyce ecommerce; transformations and attribution; authorized original file"
"macire-9dda6dc5c4f30080","16 Inches AICO Japan Manual Lawn Mower AC16MW",,"AC16MW","https://macire.co.ke/product/16-inches-aico-japan-manual-lawn-mower-ac16mw/","2026-10-10","","","","6 image(s) hosted by Macire; rights not cleared - do not reuse","Brand/model incomplete; confirm identity before selecting photo","Blocked - no authorized product image available","assets/images/placeholder.svg (neutral; not a product photograph)","assets/images/products/unknown-brand-ac16mw-macire-9dda6dc5c4f30080-320.webp","assets/images/products/unknown-brand-ac16mw-macire-9dda6dc5c4f30080-640.webp","assets/images/products/unknown-brand-ac16mw-macire-9dda6dc5c4f30080-1200.webp","Product image unavailable","Exact model/package match; rights grant for Nyce ecommerce; transformations and attribution; authorized original file"
"macire-68af157c8129c445","6.8kVA Cigma-UK Petrol Generator (5.0kW Rated, Key Start, Trolley & Wheels) 6500AE2","Cigma UK","6500AE2","https://macire.co.ke/product/6-8kva-cigma-uk-petrol-generator-5-0kw-rated-key-start-trolley-wheels-6500ae2/","2026-10-10","","","","10 image(s) hosted by Macire; rights not cleared - do not reuse","Retailer brand/model claim; exact photo match not verified","Blocked - no authorized product image available","assets/images/placeholder.svg (neutral; not a product photograph)","assets/images/products/cigma-uk-6500ae2-macire-68af157c8129c445-320.webp","assets/images/products/cigma-uk-6500ae2-macire-68af157c8129c445-640.webp","assets/images/products/cigma-uk-6500ae2-macire-68af157c8129c445-1200.webp","Cigma UK 6500AE2 - product view (identity verification pending)","Exact model/package match; rights grant for Nyce ecommerce; transformations and attribution; authorized original file"
"macire-f3fc0e042b443c5d","8.1Kva Pioneer Japan Petrol Generator LT8000EN-6","Pioneer",,"https://macire.co.ke/product/8-1kva-pioneer-japan-petrol-generator-lt8000en-6/","2026-10-10","","","","4 image(s) hosted by Macire; rights not cleared - do not reuse","Brand/model incomplete; confirm identity before selecting photo","Blocked - no authorized product image available","assets/images/placeholder.svg (neutral; not a product photograph)","assets/images/products/pioneer-unknown-model-macire-f3fc0e042b443c5d-320.webp","assets/images/products/pioneer-unknown-model-macire-f3fc0e042b443c5d-640.webp","assets/images/products/pioneer-unknown-model-macire-f3fc0e042b443c5d-1200.webp","Product image unavailable","Exact model/package match; rights grant for Nyce ecommerce; transformations and attribution; authorized original file"
"macire-de7749177e05518e","2.4kW DAICHI DC2500 Petrol Generator – Key Start","Daichi Japan","DC2500","https://macire.co.ke/product/2-4kw-daichi-dc2500-petrol-generator-key-start/","2026-10-10","","","","5 image(s) hosted by Macire; rights not cleared - do not reuse","Retailer brand/model claim; exact photo match not verified","Blocked - no authorized product image available","assets/images/placeholder.svg (neutral; not a product photograph)","assets/images/products/daichi-japan-dc2500-macire-de7749177e05518e-320.webp","assets/images/products/daichi-japan-dc2500-macire-de7749177e05518e-640.webp","assets/images/products/daichi-japan-dc2500-macire-de7749177e05518e-1200.webp","Daichi Japan DC2500 - product view (identity verification pending)","Exact model/package match; rights grant for Nyce ecommerce; transformations and attribution; authorized original file"
"macire-fcc658b486ea6072","1.2kva 4 stroke Aico Japan LT2000CL Petrol Generator","Aico Japan","LT2000CL","https://macire.co.ke/product/1-2kva-4-stroke-aico-japan-lt2000cl-petrol-generator/","2026-10-10","","","","4 image(s) hosted by Macire; rights not cleared - do not reuse","Retailer brand/model claim; exact photo match not verified","Blocked - no authorized product image available","assets/images/placeholder.svg (neutral; not a product photograph)","assets/images/products/aico-japan-lt2000cl-macire-fcc658b486ea6072-320.webp","assets/images/products/aico-japan-lt2000cl-macire-fcc658b486ea6072-640.webp","assets/images/products/aico-japan-lt2000cl-macire-fcc658b486ea6072-1200.webp","Aico Japan LT2000CL - product view (identity verification pending)","Exact model/package match; rights grant for Nyce ecommerce; transformations and attribution; authorized original file"
"macire-18eaf5e15fb64d12","10.5kw Benford Uk Diesel Silent Genset – Compact Design",,,"https://macire.co.ke/product/10-5kw-benford-uk-diesel-silent-genset-compact-design/","2026-10-10","","","","5 image(s) hosted by Macire; rights not cleared - do not reuse","Brand/model incomplete; confirm identity before selecting photo","Blocked - no authorized product image available","assets/images/placeholder.svg (neutral; not a product photograph)","assets/images/products/unknown-brand-unknown-model-macire-18eaf5e15fb64d12-320.webp","assets/images/products/unknown-brand-unknown-model-macire-18eaf5e15fb64d12-640.webp","assets/images/products/unknown-brand-unknown-model-macire-18eaf5e15fb64d12-1200.webp","Product image unavailable","Exact model/package match; rights grant for Nyce ecommerce; transformations and attribution; authorized original file"
"macire-6b4e3c6f64c977e5","16.25Kva Hisaki Japan Diesel Generator","Hisaki",,"https://macire.co.ke/product/16-25kva-hisaki-japan-diesel-generator/","2026-10-10","","","","2 image(s) hosted by Macire; rights not cleared - do not reuse","Brand/model incomplete; confirm identity before selecting photo","Blocked - no authorized product image available","assets/images/placeholder.svg (neutral; not a product photograph)","assets/images/products/hisaki-unknown-model-macire-6b4e3c6f64c977e5-320.webp","assets/images/products/hisaki-unknown-model-macire-6b4e3c6f64c977e5-640.webp","assets/images/products/hisaki-unknown-model-macire-6b4e3c6f64c977e5-1200.webp","Product image unavailable","Exact model/package match; rights grant for Nyce ecommerce; transformations and attribution; authorized original file"
"macire-03601a07a487a4c3","5kVA Dayliff Open Diesel Generator – Fuel-Efficient Industrial Power Solution","Dayliff",,"https://macire.co.ke/product/5kva-dayliff-open-diesel-generator-fuel-efficient-industrial-power-solution/","2026-10-10","","","","5 image(s) hosted by Macire; rights not cleared - do not reuse","Brand/model incomplete; confirm identity before selecting photo","Blocked - no authorized product image available","assets/images/placeholder.svg (neutral; not a product photograph)","assets/images/products/dayliff-unknown-model-macire-03601a07a487a4c3-320.webp","assets/images/products/dayliff-unknown-model-macire-03601a07a487a4c3-640.webp","assets/images/products/dayliff-unknown-model-macire-03601a07a487a4c3-1200.webp","Product image unavailable","Exact model/package match; rights grant for Nyce ecommerce; transformations and attribution; authorized original file"
"macire-af60226328579568","15kva Maybach Diesel Generator","Maybach",,"https://macire.co.ke/product/15kva-maybach-diesel-generator-model-mb15000ds3rated-power-12-0kvamax/","2026-10-10","","","","6 image(s) hosted by Macire; rights not cleared - do not reuse","Brand/model incomplete; confirm identity before selecting photo","Blocked - no authorized product image available","assets/images/placeholder.svg (neutral; not a product photograph)","assets/images/products/maybach-unknown-model-macire-af60226328579568-320.webp","assets/images/products/maybach-unknown-model-macire-af60226328579568-640.webp","assets/images/products/maybach-unknown-model-macire-af60226328579568-1200.webp","Product image unavailable","Exact model/package match; rights grant for Nyce ecommerce; transformations and attribution; authorized original file"
"macire-7fa45fb7c970bbd0","10kVA Pulsar Diesel Silent Generator – Three Phase, ATS","Pulsar UK",,"https://macire.co.ke/product/10kva-pulsar-diesel-silent-generator-three-phase-ats/","2026-10-10","","","","10 image(s) hosted by Macire; rights not cleared - do not reuse","Brand/model incomplete; confirm identity before selecting photo","Blocked - no authorized product image available","assets/images/placeholder.svg (neutral; not a product photograph)","assets/images/products/pulsar-uk-unknown-model-macire-7fa45fb7c970bbd0-320.webp","assets/images/products/pulsar-uk-unknown-model-macire-7fa45fb7c970bbd0-640.webp","assets/images/products/pulsar-uk-unknown-model-macire-7fa45fb7c970bbd0-1200.webp","Product image unavailable","Exact model/package match; rights grant for Nyce ecommerce; transformations and attribution; authorized original file"
"macire-743e53b8463372ef","Cummins 33kVA C33D5 – Super Silent Diesel Generator Three Phase","Cummins",,"https://macire.co.ke/product/cummins-33kva-c33d5-super-silent-diesel-generator/","2026-10-10","","","","4 image(s) hosted by Macire; rights not cleared - do not reuse","Brand/model incomplete; confirm identity before selecting photo","Blocked - no authorized product image available","assets/images/placeholder.svg (neutral; not a product photograph)","assets/images/products/cummins-unknown-model-macire-743e53b8463372ef-320.webp","assets/images/products/cummins-unknown-model-macire-743e53b8463372ef-640.webp","assets/images/products/cummins-unknown-model-macire-743e53b8463372ef-1200.webp","Product image unavailable","Exact model/package match; rights grant for Nyce ecommerce; transformations and attribution; authorized original file"
"macire-df574ae6ecee0d83","10.5kVA Maybach 3 Phase Silent Diesel Generator with ATS – White","Maybach",,"https://macire.co.ke/product/10-5kva-maybach-3-phase-silent-diesel-generator-with-ats-white/","2026-10-10","","","","7 image(s) hosted by Macire; rights not cleared - do not reuse","Brand/model incomplete; confirm identity before selecting photo","Blocked - no authorized product image available","assets/images/placeholder.svg (neutral; not a product photograph)","assets/images/products/maybach-unknown-model-macire-df574ae6ecee0d83-320.webp","assets/images/products/maybach-unknown-model-macire-df574ae6ecee0d83-640.webp","assets/images/products/maybach-unknown-model-macire-df574ae6ecee0d83-1200.webp","Product image unavailable","Exact model/package match; rights grant for Nyce ecommerce; transformations and attribution; authorized original file"
"macire-33ff3ea966c861e1","15kVA Pyramid Germany Silent Diesel Generator with ATS – Heavy-Duty Three-Phase Power","Pyramid Germany",,"https://macire.co.ke/product/15kva-pyramid-germany-silent-diesel-generator-with-ats-heavy-duty-three-phase-power/","2026-10-10","","","","9 image(s) hosted by Macire; rights not cleared - do not reuse","Brand/model incomplete; confirm identity before selecting photo","Blocked - no authorized product image available","assets/images/placeholder.svg (neutral; not a product photograph)","assets/images/products/pyramid-germany-unknown-model-macire-33ff3ea966c861e1-320.webp","assets/images/products/pyramid-germany-unknown-model-macire-33ff3ea966c861e1-640.webp","assets/images/products/pyramid-germany-unknown-model-macire-33ff3ea966c861e1-1200.webp","Product image unavailable","Exact model/package match; rights grant for Nyce ecommerce; transformations and attribution; authorized original file"
"macire-3d9cac0197f63239","10.5kVA Maybach Yellow Silent Diesel Generator – Reliable Single-Phase Power","Maybach",,"https://macire.co.ke/product/10-5kva-maybach-yellow-silent-diesel-generator-reliable-single-phase-power/","2026-10-10","","","","8 image(s) hosted by Macire; rights not cleared - do not reuse","Brand/model incomplete; confirm identity before selecting photo","Blocked - no authorized product image available","assets/images/placeholder.svg (neutral; not a product photograph)","assets/images/products/maybach-unknown-model-macire-3d9cac0197f63239-320.webp","assets/images/products/maybach-unknown-model-macire-3d9cac0197f63239-640.webp","assets/images/products/maybach-unknown-model-macire-3d9cac0197f63239-1200.webp","Product image unavailable","Exact model/package match; rights grant for Nyce ecommerce; transformations and attribution; authorized original file"
"macire-e19868a193b066ed","12kVA CIGMA-UK Diesel Silent Generator – Electric Start, Dual Power","Cigma UK","8GF-SKM1","https://macire.co.ke/product/12kva-cigma-uk-diesel-silent-generator-electric-start-dual-power/","2026-10-10","","","","8 image(s) hosted by Macire; rights not cleared - do not reuse","Retailer brand/model claim; exact photo match not verified","Blocked - no authorized product image available","assets/images/placeholder.svg (neutral; not a product photograph)","assets/images/products/cigma-uk-8gf-skm1-macire-e19868a193b066ed-320.webp","assets/images/products/cigma-uk-8gf-skm1-macire-e19868a193b066ed-640.webp","assets/images/products/cigma-uk-8gf-skm1-macire-e19868a193b066ed-1200.webp","Cigma UK 8GF-SKM1 - product view (identity verification pending)","Exact model/package match; rights grant for Nyce ecommerce; transformations and attribution; authorized original file"
"macire-fbc807d261b9f880","8.5Kva 1-Phase Premier Silent Diesel Generator w/o ATS – Heavy-Duty Design","Premier",,"https://macire.co.ke/product/8-5kva-1-phase-premier-silent-diesel-generator-w-o-ats-heavy-duty-design/","2026-10-10","","","","6 image(s) hosted by Macire; rights not cleared - do not reuse","Brand/model incomplete; confirm identity before selecting photo","Blocked - no authorized product image available","assets/images/placeholder.svg (neutral; not a product photograph)","assets/images/products/premier-unknown-model-macire-fbc807d261b9f880-320.webp","assets/images/products/premier-unknown-model-macire-fbc807d261b9f880-640.webp","assets/images/products/premier-unknown-model-macire-fbc807d261b9f880-1200.webp","Product image unavailable","Exact model/package match; rights grant for Nyce ecommerce; transformations and attribution; authorized original file"
"macire-f04a34af25f6733c","12.5Kva Maybach Welding Generator – 2 in 1 Heavy Duty Diesel","Maybach",,"https://macire.co.ke/product/12-5kva-maybach-welding-generator-2-in-1-heavy-duty-diesel/","2026-10-10","","","","7 image(s) hosted by Macire; rights not cleared - do not reuse","Brand/model incomplete; confirm identity before selecting photo","Blocked - no authorized product image available","assets/images/placeholder.svg (neutral; not a product photograph)","assets/images/products/maybach-unknown-model-macire-f04a34af25f6733c-320.webp","assets/images/products/maybach-unknown-model-macire-f04a34af25f6733c-640.webp","assets/images/products/maybach-unknown-model-macire-f04a34af25f6733c-1200.webp","Product image unavailable","Exact model/package match; rights grant for Nyce ecommerce; transformations and attribution; authorized original file"
"macire-004f77a3877d246c","7kva Diesel Welding Generator Uk Standard","UK Standard",,"https://macire.co.ke/product/7kva-diesel-welding-generator-uk-standard/","2026-10-10","","","","4 image(s) hosted by Macire; rights not cleared - do not reuse","Brand/model incomplete; confirm identity before selecting photo","Blocked - no authorized product image available","assets/images/placeholder.svg (neutral; not a product photograph)","assets/images/products/uk-standard-unknown-model-macire-004f77a3877d246c-320.webp","assets/images/products/uk-standard-unknown-model-macire-004f77a3877d246c-640.webp","assets/images/products/uk-standard-unknown-model-macire-004f77a3877d246c-1200.webp","Product image unavailable","Exact model/package match; rights grant for Nyce ecommerce; transformations and attribution; authorized original file"
"macire-ad05e72379ef9abc","8kva Diesel Welding Generator Rhino Japan Technology","Rhino",,"https://macire.co.ke/product/rhino-japan-technology-8kva-diesel-welding-generator/","2026-10-10","","","","2 image(s) hosted by Macire; rights not cleared - do not reuse","Brand/model incomplete; confirm identity before selecting photo","Blocked - no authorized product image available","assets/images/placeholder.svg (neutral; not a product photograph)","assets/images/products/rhino-unknown-model-macire-ad05e72379ef9abc-320.webp","assets/images/products/rhino-unknown-model-macire-ad05e72379ef9abc-640.webp","assets/images/products/rhino-unknown-model-macire-ad05e72379ef9abc-1200.webp","Product image unavailable","Exact model/package match; rights grant for Nyce ecommerce; transformations and attribution; authorized original file"
